review_id,review_text,sentiment_label,sentiment_score,identified_theme
1,It's not allowing me to transfer money.,NEGATIVE,0.9969,Transaction Performance
2,IT'S NOT WORK ON HUAWEI DEVICES,NEGATIVE,0.9997,General Feedback
3,wow,POSITIVE,0.9996,General Feedback
4,nice app,POSITIVE,0.9998,General Feedback
5,formative,POSITIVE,0.9989,General Feedback
6,best app for financial activities 🙌,POSITIVE,0.9968,General Feedback
7,yoroo namaste 🙏 ♥️ ❤️ 💖 💖,NEGATIVE,0.8905,General Feedback
8,incredible,POSITIVE,0.9999,General Feedback
9,best app for financial sector,POSITIVE,0.9992,General Feedback
10,it's a good application,POSITIVE,0.9999,General Feedback
11,thank you cbe,POSITIVE,0.9998,General Feedback
12,is good,POSITIVE,0.9998,General Feedback
13,wow,POSITIVE,0.9996,General Feedback
14,Good application,POSITIVE,0.9999,General Feedback
15,"Nice, but I can't get some recently transactions. please try to keep all history scrolling full visibility done.",NEGATIVE,0.9879,General Feedback
16,Very Secure but very poor interface and limited history service. The new colorful version is worst. Visibility and contrast are low. It is just my idea.,NEGATIVE,0.9998,General Feedback
17,very nice 100%,POSITIVE,0.9999,General Feedback
18,good,POSITIVE,0.9998,General Feedback
19,Good to use,POSITIVE,0.9998,General Feedback
20,cbe,POSITIVE,0.9966,General Feedback
21,Cbe,POSITIVE,0.9966,General Feedback
22,best and secured,POSITIVE,0.9998,General Feedback
23,best,POSITIVE,0.9998,General Feedback
24,ok,POSITIVE,0.9998,General Feedback
25,good,POSITIVE,0.9998,General Feedback
26,why is my transaction fee hidden? Why doesn't the app show some of the transaction fees before. eg vat 15% show it togather before confirmation not after it feels like a scam.,NEGATIVE,0.9989,General Feedback
27,Gal✅😶‍🌫️,NEGATIVE,0.6971,General Feedback
28,posetive,POSITIVE,0.9819,General Feedback
29,እ. በ. ጥ. ነው,NEGATIVE,0.9486,General Feedback
30,good,POSITIVE,0.9998,General Feedback
31,It is usefull app,POSITIVE,0.9959,General Feedback
32,this app is so functional for airtime for wallet and,NEGATIVE,0.9154,General Feedback
33,very amazing app,POSITIVE,0.9999,General Feedback
34,excellent service,POSITIVE,0.9999,General Feedback
35,There is a a problem when updating the app,NEGATIVE,0.999,Feature Requests
36,good,POSITIVE,0.9998,General Feedback
37,good,POSITIVE,0.9998,General Feedback
38,smart app,POSITIVE,0.9998,General Feedback
39,best,POSITIVE,0.9998,General Feedback
40,"Internet Based mobile app for CBEBirr A Internet Based mobile app for CBEBirr. With the new Internet based CBEBirr Mobile App you can make every operations applicable via the USSD version of CBEBirr. This app version is the latest version branded as CBEBirr Plus, CBEBirr+, CBE Birr +, or CBE Birr plus.",NEGATIVE,0.9887,Transaction Performance
41,CBE it's my excellent choice,POSITIVE,0.9998,General Feedback
42,fast and time saving...,POSITIVE,0.9995,General Feedback
43,ok,POSITIVE,0.9998,General Feedback
44,ok,POSITIVE,0.9998,General Feedback
45,yesisgood,POSITIVE,0.9984,General Feedback
46,so good,POSITIVE,0.9998,General Feedback
47,"The app is getting worse and worse after every ""update"". The UI is inconsistent, you haven't fixed the issue with Mpesa wallet transfer ( the ""begin 0, end 1, length 0"" error after ever transfer attempt) ; now the tellbirr transfer raises ""Bucket override O-10094"" error. Test your work FULLY before release.",NEGATIVE,0.9996,Transaction Performance
48,iam happy excellent app,POSITIVE,0.9999,General Feedback
49,is not work properly !!,NEGATIVE,0.9998,General Feedback
50,አሪፍ አፕ ነው ገራሚ ሁኖ አግኝቼዋለሁ,NEGATIVE,0.9047,General Feedback
51,When I update this app there isn't working,NEGATIVE,0.9996,Feature Requests
52,thanks you so much 👍 okay I am going to be like in,POSITIVE,0.9998,General Feedback
53,Best ever,POSITIVE,0.9998,General Feedback
54,features በጣም ወድጄዋለሁ ነገር ግን አንድ ችግር አይቼዋለሁ ።APPU DELETE በሆነ ጊዜ ቅርንጫፍ ማመላለሱና MB APPLICATION FORMAT ላይ በየጊዜው መፈረሙ አንድ ለባንኩ ወጪ ነው ሁለት ለደንበኞች Inconvenience ይፈጥራል አስተካክሉ,NEGATIVE,0.998,Feature Requests
55,best,POSITIVE,0.9998,General Feedback
56,goood g,NEGATIVE,0.9891,General Feedback
57,I like so much,POSITIVE,0.9999,General Feedback
58,This app has never been efficient at all,NEGATIVE,0.9998,General Feedback
59,nice app.,POSITIVE,0.9998,General Feedback
60,"While the option to create or cancel standing orders has been added, it is not functional. Similarly, adding a new beneficiary is also not working. Please fix.",NEGATIVE,0.9998,General Feedback
61,Wonderful App ❤️❤️❤️ I love it,POSITIVE,0.9999,General Feedback
62,i like it,POSITIVE,0.9999,General Feedback
63,best,POSITIVE,0.9998,General Feedback
64,vary good app,POSITIVE,0.9998,General Feedback
65,good,POSITIVE,0.9998,General Feedback
66,good,POSITIVE,0.9998,General Feedback
67,good,POSITIVE,0.9998,General Feedback
68,nice,POSITIVE,0.9999,General Feedback
69,easy to use but hard to find easily,NEGATIVE,0.9886,General Feedback
70,fixed problem,NEGATIVE,0.9914,General Feedback
71,በእውነት የሚገርም app ነው ነገሮችን ሁሉ ቀለል ያደርጋል,NEGATIVE,0.9389,General Feedback
72,good,POSITIVE,0.9998,General Feedback
73,good,POSITIVE,0.9998,General Feedback
74,best app,POSITIVE,0.9997,General Feedback
75,Good Application,POSITIVE,0.9999,General Feedback
76,Good app,POSITIVE,0.9998,General Feedback
77,መስተካከል አለብት ብዩ አስታየት የም ሰጠው አካውንንት በስም ሲፈለግ mr ብሎ ቀጣይ ስም ለመፃፍ እስፔስም አይፈቅድ ቀጣዩ ፊደልም ሲፃፍ አይፅፍም ይሄ ቢስተካከል ይበልጥ ቀላል የረገዋል ብዩ አስበለው,NEGATIVE,0.967,General Feedback
78,why it alaways asked me to update every second when I log in.,NEGATIVE,0.9972,Account Access Issues
79,pls update my cbe mobile banking,NEGATIVE,0.9723,Feature Requests
80,good,POSITIVE,0.9998,General Feedback
81,"Easy, secure and user friend",POSITIVE,0.9989,General Feedback
82,nice,POSITIVE,0.9999,General Feedback
83,hiote tegayede,POSITIVE,0.8946,General Feedback
84,misraqe,NEGATIVE,0.9931,General Feedback
85,excellent app,POSITIVE,0.9998,General Feedback
86,usefull app,POSITIVE,0.9954,General Feedback
87,nice bank,POSITIVE,0.9998,General Feedback
88,good 👍,POSITIVE,0.9999,General Feedback
89,it's no functional problem,NEGATIVE,0.9982,General Feedback
90,Tamam Yunus Guddata,NEGATIVE,0.9828,General Feedback
91,good,POSITIVE,0.9998,General Feedback
92,It's not working after the update it doesn't open at all,NEGATIVE,0.9998,Feature Requests
93,nice,POSITIVE,0.9999,General Feedback
94,excellent app,POSITIVE,0.9998,General Feedback
95,Good,POSITIVE,0.9998,General Feedback
96,CBE not compare to others,NEGATIVE,0.9169,General Feedback
97,good,POSITIVE,0.9998,General Feedback
98,good,POSITIVE,0.9998,General Feedback
99,nice app thanks,POSITIVE,0.9998,General Feedback
100,Great,POSITIVE,0.9999,General Feedback
101,good service,POSITIVE,0.9998,General Feedback
102,"It is so good,and easy to use.",POSITIVE,0.9999,General Feedback
103,great app,POSITIVE,0.9998,General Feedback
104,update is not downgrade. its literally not working,NEGATIVE,0.9936,Feature Requests
105,Please consider optimizing the app for Huawei Mobile Services (HMS). It doesn't work after the update.,NEGATIVE,0.9997,Feature Requests
106,please use the cute ui as a professional developer,POSITIVE,0.997,App Stability & UI
107,Daily Of the day Transfer Limit Restriction If there wasn't If it didn't have Very Extremely Happy We would be.,NEGATIVE,0.995,Transaction Performance
108,best,POSITIVE,0.9998,General Feedback
109,Amazing,POSITIVE,0.9999,General Feedback
110,it's better than before,POSITIVE,0.9998,General Feedback
111,worst apk for a big bank,NEGATIVE,0.9998,General Feedback
112,doesn't work properly with safaricom network.,NEGATIVE,0.9998,App Stability & UI
113,"The app forcefully made me an update, since then every time I try to make a payment it keeps bugging and failing non stop. please fix that . this is a big company not a start up .",NEGATIVE,0.9995,Transaction Performance
114,good,POSITIVE,0.9998,General Feedback
115,I found that when i am using safaricom network the app keeps crashing a lot and not working and as soon as i change the network it will work smoothly so make is a lot compatible with the safaricom network service.,POSITIVE,0.9556,App Stability & UI
116,go ahead,POSITIVE,0.9998,General Feedback
117,nice,POSITIVE,0.9999,General Feedback
118,i like it,POSITIVE,0.9999,General Feedback
119,ok,POSITIVE,0.9998,General Feedback
120,ok,POSITIVE,0.9998,General Feedback
121,Good,POSITIVE,0.9998,General Feedback
122,cbe mobile app best app,POSITIVE,0.9987,General Feedback
123,"easy for use,and good privacy",POSITIVE,0.9995,General Feedback
124,amazing,POSITIVE,0.9999,General Feedback
125,i really judged this app. 99% were profit exclusive for others only with organization benefit.,NEGATIVE,0.9831,General Feedback
126,unable to use it is not performed well,NEGATIVE,0.9998,General Feedback
127,ወከቀቀ,NEGATIVE,0.6971,General Feedback
128,Nice,POSITIVE,0.9999,General Feedback
129,This app is very good and helpful I am Happy working with cbe mobile banking tanx all members and I am ready invite all my family and friends ❤️,POSITIVE,0.9998,General Feedback
130,Samsung A-5360 is not my device and i did not opened by this,NEGATIVE,0.9985,General Feedback
131,notwork totransferto other,NEGATIVE,0.996,Transaction Performance
132,good,POSITIVE,0.9998,General Feedback
133,የCommercial Bank of Ethiopia ሞባይል ባንኪንግ አገልግሎት በአጠቃላይ ጠቃሚ ነው፣ ግን አንድ ችግር አጋጥሞኛል። የሂሳብ ቁጥር በምናስገባበት ሳጥን ላይ “Mr” ወይም “Mrs” ከሚለው ቀጥሎ ያለውን ስም ለማስገባት ስፔስ (space) መጠቀም አይቻልም። ይህ ተጠቃሚዎችን ስም ትክክለኛ ለማስገባት እንዲቸገሩ ያደርጋል። እባክዎ በዚህ ክፍል ስፔስ መጠቀም እንዲቻል ወይም የስም መሙያ ስርዓቱን እንዲሻሻል ቢያደርጉ በጣም ጥሩ ይሆናል።,NEGATIVE,0.9335,General Feedback
134,🫶👍🙏,NEGATIVE,0.6971,General Feedback
135,ok,POSITIVE,0.9998,General Feedback
136,good,POSITIVE,0.9998,General Feedback
137,I am very comfortable because we can easily access various transfer services that we used to have to go to the bank.,POSITIVE,0.999,Transaction Performance
138,ok,POSITIVE,0.9998,General Feedback
139,good app,POSITIVE,0.9998,General Feedback
140,i am so happy,POSITIVE,0.9999,General Feedback
141,good,POSITIVE,0.9998,General Feedback
142,The recent update is trash. I couldn't refresh the page. It's not even trying to sync. Please fix the bug and release a clean version.,NEGATIVE,0.9996,App Stability & UI
143,good job,POSITIVE,0.9998,General Feedback
144,I'm from Ethiopia and proud of CBE service app.,POSITIVE,0.9997,General Feedback
145,I am successful with app,POSITIVE,0.9998,General Feedback
146,everything is boaring the previous one is good,POSITIVE,0.9998,General Feedback
147,best,POSITIVE,0.9998,General Feedback
148,good,POSITIVE,0.9998,General Feedback
149,good app but it needs more languages do it with more than four languages,NEGATIVE,0.9736,General Feedback
150,good work,POSITIVE,0.9998,General Feedback
151,ok,POSITIVE,0.9998,General Feedback
152,wow app.The developers make improvements every time.,POSITIVE,0.9997,General Feedback
153,nice and perfect,POSITIVE,0.9999,General Feedback
154,best experience,POSITIVE,0.9997,General Feedback
155,the best,POSITIVE,0.9998,General Feedback
156,What's wrong after i update the app unable to open,NEGATIVE,0.9998,Feature Requests
157,nice,POSITIVE,0.9999,General Feedback
158,👍👍it is good. pls Hide the amount that appear on the top when we need to transfer🙏,POSITIVE,0.9994,Transaction Performance
159,not sure at the moment,NEGATIVE,0.9996,General Feedback
160,Good,POSITIVE,0.9998,General Feedback
161,it's the best app i have every seen it is fast and securty,POSITIVE,0.998,General Feedback
162,Useful apps,POSITIVE,0.9994,General Feedback
163,easy to use,POSITIVE,0.9989,General Feedback
164,waw,NEGATIVE,0.7346,General Feedback
165,"This app used to work well, but now it constantly shows an error saying it can’t load my accounts and tells me to visit a branch. I’m not even in the country, so that’s not possible. The app has frequent issues and needs better reliability and remote support options.",NEGATIVE,0.9991,Account Access Issues
166,Very good,POSITIVE,0.9999,General Feedback
167,አዲሱ ገጽታው በጣም ያስጠላል። ለአይን ይከብዳል። ወደነበረበት ብትመልሱት።,NEGATIVE,0.9446,General Feedback
168,I like it but sometimes there is a system error,NEGATIVE,0.9991,App Stability & UI
169,good,POSITIVE,0.9998,General Feedback
170,"the app keeps asking for update, even after being updated",NEGATIVE,0.9913,Feature Requests
171,"This application was not that great, and its performance has unfortunately declined further. For the past week, I have been unable to access my balance or transfer funds. This situation is causing considerable concern and inconvenience, as I cannot access my money in a timely manner. This has resulted in late payments and a loss of confidence and trust. Furthermore, I have not received a response to my message to the customer support team",NEGATIVE,0.9998,Transaction Performance
172,good,POSITIVE,0.9998,General Feedback
173,like,POSITIVE,0.9911,General Feedback
174,Good !,POSITIVE,0.9998,General Feedback
175,good,POSITIVE,0.9998,General Feedback
176,good,POSITIVE,0.9998,General Feedback
177,very good cbe app,POSITIVE,0.9998,General Feedback
178,tel birr,NEGATIVE,0.948,General Feedback
179,halaba kuleto,NEGATIVE,0.6842,General Feedback
180,best app ever,POSITIVE,0.9997,General Feedback
181,it's good app for ease of access mobile banking transaction and use our time properly!,POSITIVE,0.9997,General Feedback
182,"pls make an option fingerprint Biometric payment only, it's fast and secure to pay",POSITIVE,0.9272,Transaction Performance
183,በጣም ቀላልና ፈጣን ለመጠቀም ወድጀዋለሁ,NEGATIVE,0.8832,General Feedback
184,I love this up to much eollahi,POSITIVE,0.9999,General Feedback
185,I hope this bank have excellent Mobile app but still not easy and not working in holidays why,NEGATIVE,0.9943,General Feedback
186,best,POSITIVE,0.9998,General Feedback
187,"It's a great, easy-to-use, very convenient and secure app.",POSITIVE,0.9997,General Feedback
188,Good Job,POSITIVE,0.9998,General Feedback
189,best,POSITIVE,0.9998,General Feedback
190,Best app.,POSITIVE,0.9998,General Feedback
191,it's so use full and secure 👍💪👌,NEGATIVE,0.5182,General Feedback
192,"there should be atm voucher access included , and also the app crash sometimes .",NEGATIVE,0.9989,App Stability & UI
193,ok,POSITIVE,0.9998,General Feedback
194,"The app has some issues we need to have a place where we save our contacts where we usually send money to, after update I keep loosing all the important accounts.Also user needs to configure their notification types we want to receive either by email ,SMS or both. right now I don't get any notifications when I receive funds from companies.",NEGATIVE,0.999,Transaction Performance
195,after the the recent update the app not responding. even transfer to telebirr isn't working.,NEGATIVE,0.9997,Transaction Performance
196,Need more additional future include for now it's not bad,POSITIVE,0.9944,General Feedback
197,I don't like. I can't make transfer to my own telebirr,NEGATIVE,0.9984,Transaction Performance
198,lag and stack not quick response 😞😞,NEGATIVE,0.9986,App Stability & UI
199,it good. to get services,POSITIVE,0.9999,General Feedback
200,good,POSITIVE,0.9998,General Feedback
201,Number One App,POSITIVE,0.9983,General Feedback
202,is good,POSITIVE,0.9998,General Feedback
203,ok,POSITIVE,0.9998,General Feedback
204,this secure app of all Ethiopia mobile banking ever.,POSITIVE,0.9989,General Feedback
205,perfect app,POSITIVE,0.9998,General Feedback
206,owww cbe,POSITIVE,0.9706,General Feedback
207,"Very secured, fast and favourable",POSITIVE,0.9999,General Feedback
208,best,POSITIVE,0.9998,General Feedback
209,very nice 👌,POSITIVE,0.9999,General Feedback
210,اليش يتعخر معرف والله,NEGATIVE,0.5891,General Feedback
211,good application 💯💯💯.,POSITIVE,0.9998,General Feedback
212,best,POSITIVE,0.9998,General Feedback
213,ok,POSITIVE,0.9998,General Feedback
214,good app,POSITIVE,0.9998,General Feedback
215,good,POSITIVE,0.9998,General Feedback
216,Nice App,POSITIVE,0.9998,General Feedback
217,it cost us a lot just by transfer and in other way not fair,NEGATIVE,0.9993,Transaction Performance
218,Great app,POSITIVE,0.9998,General Feedback
219,Interesting app,POSITIVE,0.9997,General Feedback
220,ok,POSITIVE,0.9998,General Feedback
221,"i didn't get feed back through message ,Why so?",NEGATIVE,0.9989,General Feedback
222,good and fast,POSITIVE,0.9999,General Feedback
223,"v, good",POSITIVE,0.9998,General Feedback
224,very bad experience as its very slow,NEGATIVE,0.9998,App Stability & UI
225,i luv it,POSITIVE,0.9779,General Feedback
226,Good&fast,POSITIVE,0.9999,General Feedback
227,good,POSITIVE,0.9998,General Feedback
228,good,POSITIVE,0.9998,General Feedback
229,የጣት አሻራ አገልግሎት አላገኘሁም። አጠቃቀሙ ጠፍቶኝ ይሆን?,NEGATIVE,0.9682,General Feedback
230,good,POSITIVE,0.9998,General Feedback
231,Rtgs limit very small,NEGATIVE,0.9604,General Feedback
232,"Trasaction history not sorted in time basis, besides the hilight transaction and its details which is found by clicking the highht transaction are diffrent. Generally, the tansaction history page has a critical problem",NEGATIVE,0.9996,General Feedback
233,good job,POSITIVE,0.9998,General Feedback
234,best bank for Android application form market place and key number,POSITIVE,0.9671,General Feedback
235,i like cbe service,POSITIVE,0.9947,General Feedback
236,አሪፍ ነው,NEGATIVE,0.7851,General Feedback
237,it is the best application in the Ethiopia I like it this,POSITIVE,0.9998,General Feedback
238,super spp,POSITIVE,0.5455,General Feedback
239,I have 1 year and thank you for yo ur genuine service,POSITIVE,0.9996,App Stability & UI
240,ካየህዋቸው ተመሳሳይ መተግበርያዎች በጣም ጥሩ መተግበርያ ነው,NEGATIVE,0.92,General Feedback
241,excellent,POSITIVE,0.9998,General Feedback
242,Excellent,POSITIVE,0.9998,General Feedback
243,"im having a terrible experience with this app, im getting 'unable to connect' error, this happened for a while now and they didnt fix it, it is so unreliable in times i need it that i have to resort to using ussd code instead of it. please fix this issue",NEGATIVE,0.9997,App Stability & UI
244,Absolute garbage,NEGATIVE,0.9998,General Feedback
245,CBE does not offer anything international.,NEGATIVE,0.9994,General Feedback
246,korsa,POSITIVE,0.9419,General Feedback
247,its good,POSITIVE,0.9998,General Feedback
248,very nice app,POSITIVE,0.9999,General Feedback
249,nice app,POSITIVE,0.9998,General Feedback
250,ok,POSITIVE,0.9998,General Feedback
251,nice app,POSITIVE,0.9998,General Feedback
252,it looks fantasy,POSITIVE,0.9889,General Feedback
253,it's best app to use recently and upgraded day to day for internationalization,POSITIVE,0.9983,General Feedback
254,it is more convenient app,NEGATIVE,0.868,General Feedback
255,gooooodddd.....,NEGATIVE,0.988,General Feedback
256,This is app is not fast and not working well in all android phone. eg it is not functioning well using one plus phone.,NEGATIVE,0.9998,General Feedback
257,Factory reset made me to lose my pin to login to my account!,NEGATIVE,0.9998,Account Access Issues
258,keeps on saying bucket override when I try to pay henon school fee,NEGATIVE,0.9966,Transaction Performance
259,"life longe bank CBE , Save & change your life.",POSITIVE,0.9976,General Feedback
260,ok,POSITIVE,0.9998,General Feedback
261,good,POSITIVE,0.9998,General Feedback
262,does not working well,NEGATIVE,0.9998,General Feedback
263,it's v good app sometimes there is a problem on other bank transfers,NEGATIVE,0.9923,Transaction Performance
264,pls speedup for quick uses,NEGATIVE,0.6068,App Stability & UI
265,"before, it was nice. now it does not work and crash automatically",NEGATIVE,0.9991,App Stability & UI
266,Pls facilitate transfer to telebirr agent,NEGATIVE,0.9452,Transaction Performance
267,sestemaa siresun osoo manaa banki hindemne namnii barbade national id isa fayadamee osoo banachun danda'ame bayye nammati tola live event qabate,NEGATIVE,0.9796,General Feedback
268,I customer for commercial bank of Ethiopia I trade,NEGATIVE,0.9373,General Feedback
269,it's has an issue,POSITIVE,0.9217,General Feedback
270,good,POSITIVE,0.9998,General Feedback
271,nice,POSITIVE,0.9999,General Feedback
272,accessibility need to be taken seriously. There are people excluded because of inaccessible apps.,NEGATIVE,0.9504,General Feedback
273,"This application was not that great, and its performance has unfortunately declined further. For the past week, I have been unable to access my balance or transfer funds. This situation is causing considerable concern and inconvenience, as I cannot access my money in a timely manner. This has resulted in late payments and a loss of confidence and trust. Furthermore, I have not received a response to my message to the customer support team.",NEGATIVE,0.9998,Transaction Performance
274,🤙,NEGATIVE,0.6971,General Feedback
275,I can't download this app please assist how it can be downloaded,NEGATIVE,0.9936,General Feedback
276,"my favorite so far, but, how come we are not able to download the app and fix our problem ourselves? it is not fair to go to the bank and fix it for you? please think about it. Thank you",POSITIVE,0.8538,General Feedback
277,lulit tukka giro,POSITIVE,0.8195,General Feedback
278,Enough good even it hasn't transferring for other telebirr users,POSITIVE,0.9994,Transaction Performance
279,not good not bad.,POSITIVE,0.9956,General Feedback
280,easy fast helpful for our business,POSITIVE,0.9969,General Feedback
281,good,POSITIVE,0.9998,General Feedback
282,good,POSITIVE,0.9998,General Feedback
283,bad strresing,NEGATIVE,0.9998,General Feedback
284,cool,POSITIVE,0.9999,General Feedback
285,100%100 Fast and Amazing app !! 🏆🏆🏆🏆🏆🏆🏆🏆 💞🌷🇪🇹,POSITIVE,0.9997,General Feedback
286,Not that happy at this app,NEGATIVE,0.9998,General Feedback
287,Best,POSITIVE,0.9998,General Feedback
288,crush alot,NEGATIVE,0.9996,General Feedback
289,itii fayadamaa namaa fayadaa kuniin,NEGATIVE,0.9859,General Feedback
290,good app,POSITIVE,0.9998,General Feedback
291,good,POSITIVE,0.9998,General Feedback
292,Musxafaa,NEGATIVE,0.9952,General Feedback
293,good,POSITIVE,0.9998,General Feedback
294,well expriences,POSITIVE,0.905,General Feedback
295,good,POSITIVE,0.9998,General Feedback
296,great 👍,POSITIVE,0.9998,General Feedback
297,I had good time with CBE,POSITIVE,0.9998,General Feedback
298,crashes every time you need to update this app ASAP.. i will be changing bank if tjis continues,NEGATIVE,0.9993,App Stability & UI
299,Good,POSITIVE,0.9998,General Feedback
300,easy and fast,POSITIVE,0.9996,General Feedback
301,very nice,POSITIVE,0.9999,General Feedback
302,its good,POSITIVE,0.9998,General Feedback
303,this app is very good,POSITIVE,0.9999,General Feedback
304,በጣም ጥሩ ነው,NEGATIVE,0.8337,General Feedback
305,deduction but no transaction. not good,NEGATIVE,0.9997,General Feedback
306,Easy to use and reliable.,POSITIVE,0.9998,General Feedback
307,difficult to see our transactions after aweek,NEGATIVE,0.9996,General Feedback
308,👍👍,NEGATIVE,0.6971,General Feedback
309,nice,POSITIVE,0.9999,General Feedback
310,Good bank,POSITIVE,0.9998,General Feedback
311,swift,POSITIVE,0.9991,General Feedback
312,best,POSITIVE,0.9998,General Feedback
313,it is wel,POSITIVE,0.9836,General Feedback
314,nice,POSITIVE,0.9999,General Feedback
315,fully functional greate application it makes payment and transaction easier,POSITIVE,0.9979,Transaction Performance
316,it's best for everyone,POSITIVE,0.9998,General Feedback
317,good,POSITIVE,0.9998,General Feedback
318,good jobs,POSITIVE,0.9999,General Feedback
319,am happy using it.But why does it need continuous updates?,NEGATIVE,0.9802,Feature Requests
320,Good job,POSITIVE,0.9998,General Feedback
321,good,POSITIVE,0.9998,General Feedback
322,good,POSITIVE,0.9998,General Feedback
323,wow,POSITIVE,0.9996,General Feedback
324,good 👍,POSITIVE,0.9999,General Feedback
325,Thank you for your service.,POSITIVE,0.9998,General Feedback
326,nice,POSITIVE,0.9999,General Feedback
327,WOW!,POSITIVE,0.9996,General Feedback
328,i have more experience,POSITIVE,0.9621,General Feedback
329,good,POSITIVE,0.9998,General Feedback
330,i like this app,POSITIVE,0.9997,General Feedback
331,I love this app,POSITIVE,0.9999,General Feedback
332,it is not working,NEGATIVE,0.9998,General Feedback
333,the app freezes sometimes and crashing,NEGATIVE,0.9954,App Stability & UI
334,for active payment it's number one chose,POSITIVE,0.9914,Transaction Performance
335,"What a nasty Update is this !. May I say 'Events cast their shadow before happenings'. Trust, value, Bank's 'n' Customers' financial property, such like things, at risk once again(the State owned Bank experienced some months ago due to app development issues or some other unknown reasons. Unable to see my own current balance due to a hidden page being displayed, stacked transaction history since March 26th, among others. Is that a Banking app being developed by Professionals ?.",NEGATIVE,0.9995,Transaction Performance
336,Very good Service provider bank,POSITIVE,0.9998,General Feedback
337,nice app keep it up🤝🤝,POSITIVE,0.9997,General Feedback
338,very much for your information 👋,POSITIVE,0.9982,General Feedback
339,bad👎,NEGATIVE,0.6971,General Feedback
340,so nice to me,POSITIVE,0.9998,General Feedback
341,best,POSITIVE,0.9998,General Feedback
342,good update,POSITIVE,0.9998,Feature Requests
343,It's a good improvement. the app,POSITIVE,0.9998,General Feedback
344,good,POSITIVE,0.9998,General Feedback
345,Excellent,POSITIVE,0.9998,General Feedback
346,ok,POSITIVE,0.9998,General Feedback
347,best,POSITIVE,0.9998,General Feedback
348,"This app is very unreliable—slow, frequently crashes, and fails to sync properly. Transactions don’t reflect accurately; I transferred money that was deducted but never received, with no record in recent activity. It often stops working and takes too long to update. Reinstalling doesn’t help. You even have to visit a branch for it to start working, which is unacceptable today. The problem is even worse outside Ethiopia.",NEGATIVE,0.9997,Transaction Performance
349,not working,NEGATIVE,0.9998,General Feedback
350,it's fast and easy nice,POSITIVE,0.9999,General Feedback
351,Good,POSITIVE,0.9998,General Feedback
352,girms,POSITIVE,0.9924,General Feedback
353,"this platform is very useful for exchanging payment ,than *889#(it's slower ).🙏🙏",NEGATIVE,0.9963,Transaction Performance
354,best,POSITIVE,0.9998,General Feedback
355,Good app,POSITIVE,0.9998,General Feedback
356,very excellent application the number one bank of Ethiopia thanks,POSITIVE,0.9999,General Feedback
357,I can't use the app months ago. It stopped working with Mobile data and WiFi. I didn't know the cause. Why this app is not compatible with Android 8?,NEGATIVE,0.9996,General Feedback
358,not working,NEGATIVE,0.9998,General Feedback
359,"very nice app, but charge more.",POSITIVE,0.9977,General Feedback
360,Why mobile Banking is not functional?,NEGATIVE,0.9996,General Feedback
361,does this app support international transactions,POSITIVE,0.9887,General Feedback
362,i use CBE almost more than 5 years,NEGATIVE,0.9014,General Feedback
363,this app essential app on this time,POSITIVE,0.995,General Feedback
364,"After update not working at all, I live in abroad.",NEGATIVE,0.8973,Feature Requests
365,best app,POSITIVE,0.9997,General Feedback
366,nice,POSITIVE,0.9999,General Feedback
367,it is not well functional. It always sluggish and poor application. n Not interested because always straggling .,NEGATIVE,0.9998,General Feedback
368,best bank ever,POSITIVE,0.9998,General Feedback
369,Pleas allow self service on Mobile banking.,NEGATIVE,0.9784,General Feedback
370,saved transactions doesn't work properly it doesn't show transactions before a month only shows recent transactions even after I set filter date range,NEGATIVE,0.9967,General Feedback
371,good,POSITIVE,0.9998,General Feedback
372,easygoing & Convenient to use.,POSITIVE,0.9992,General Feedback
373,Thank you,POSITIVE,0.9998,General Feedback
374,good,POSITIVE,0.9998,General Feedback
375,nice,POSITIVE,0.9999,General Feedback
376,excellent,POSITIVE,0.9998,General Feedback
377,It charges high amount of service charge.,POSITIVE,0.9775,General Feedback
378,best,POSITIVE,0.9998,General Feedback
379,good,POSITIVE,0.9998,General Feedback
380,melkam new,NEGATIVE,0.9628,General Feedback
381,Very good service all times,POSITIVE,0.9999,General Feedback
382,ohh very useful and easy for use,POSITIVE,0.9979,General Feedback
383,wow,POSITIVE,0.9996,General Feedback
384,good application,POSITIVE,0.9999,General Feedback
385,good,POSITIVE,0.9998,General Feedback
386,its good,POSITIVE,0.9998,General Feedback
387,so nice,POSITIVE,0.9999,General Feedback
388,it nice and fast but usually it bad the connection by 4g network it still bad,NEGATIVE,0.9989,App Stability & UI
389,not work app,NEGATIVE,0.9997,General Feedback
390,nice App,POSITIVE,0.9998,General Feedback
391,CBE is my beast one for any transactions,POSITIVE,0.9963,General Feedback
392,very good,POSITIVE,0.9999,General Feedback
393,I Am Proud Of CBE Period!!!,POSITIVE,0.9998,General Feedback
394,digital banking,POSITIVE,0.9698,General Feedback
395,it is very good service you are giving,POSITIVE,0.9999,General Feedback
396,ps fast and easy,POSITIVE,0.9975,General Feedback
397,nice app for me,POSITIVE,0.9997,General Feedback
398,vibe,POSITIVE,0.9988,General Feedback
399,Tajajilli keessan dubati Hafadha አገልግሎታችሁን ዱባቲ ሀፋድህን አቆይ Your service will stay behind,POSITIVE,0.877,General Feedback
400,ገላግሌ ብየዋለው ጥድት ያለ አፕ,NEGATIVE,0.8832,General Feedback
401,best app i like it,POSITIVE,0.9998,General Feedback
402,it is really very poor application. i've ever experienced.,NEGATIVE,0.9998,General Feedback
403,wow ✌️,POSITIVE,0.9993,General Feedback
404,EASY & SIMLPE TO MANIPULATE. COGRATS !!,NEGATIVE,0.9856,General Feedback
405,zewediesh,NEGATIVE,0.903,General Feedback
406,nice app,POSITIVE,0.9998,General Feedback
407,Perfect App,POSITIVE,0.9998,General Feedback
408,🆗 g,POSITIVE,0.5324,General Feedback
409,the best app of mobile banking,POSITIVE,0.9998,General Feedback
410,ዝም ብሉ ይዞራል 😡😡😡,NEGATIVE,0.8616,General Feedback
411,the bank You can always relay on!,POSITIVE,0.9956,General Feedback
412,good,POSITIVE,0.9998,General Feedback
413,ok,POSITIVE,0.9998,General Feedback
414,good,POSITIVE,0.9998,General Feedback
415,"Why does this welcome notification appear every time the app is opened? It doesn’t add value in its current form, so please consider removing it. Alternatively, you could adjust it to appear only occasionally.",NEGATIVE,0.9992,General Feedback
416,10Q U,NEGATIVE,0.7842,General Feedback
417,very interesting,POSITIVE,0.9999,General Feedback
418,"it cant accomidate more than 2 accounts,every time i subscribe for my 3r account it vanish.",NEGATIVE,0.9994,Account Access Issues
419,it's so disgusting my phone is s9+ android of 8/9 and this application still doesn't work for my phone fix it sooner as possible !,NEGATIVE,0.9996,General Feedback
420,This app is by far one of the useless apps. It keep on sating can't sync and unable to do transfers. please for God sake fix it,NEGATIVE,0.9998,Transaction Performance
421,ልስን,NEGATIVE,0.6971,General Feedback
422,new app,POSITIVE,0.9902,General Feedback
423,Nice,POSITIVE,0.9999,General Feedback
424,it can't showed transaction history perfectly,NEGATIVE,0.9996,General Feedback
425,it have to be work on all smart phone ratherthan limitted by version,NEGATIVE,0.984,General Feedback
426,All right 👍,POSITIVE,0.9998,General Feedback
427,you can transfer br,POSITIVE,0.9934,Transaction Performance
428,well,POSITIVE,0.9996,General Feedback
429,not properly work,NEGATIVE,0.9998,General Feedback
430,nice app,POSITIVE,0.9998,General Feedback
431,proud of CBE. CBE is my everyday day choice and confidence.,POSITIVE,0.9999,General Feedback
432,It would be great if you could add tele birr agent to the transfer to wallet.,NEGATIVE,0.9961,Transaction Performance
433,love,POSITIVE,0.9999,General Feedback
434,"To the CBE: I opened my account 8 years ago while working as a government employee in Harerghe. Now I live in Addis Ababa, yet my account has been frozen without any explanation. I contacted nearby branches and even the head office, and all I was told is that I must go to the branch where I originally opened my account-over 400 km away. How is this fair/legal? Expecting a customer to travel over 400km just to reactivate an account is unreasonable and shows a total disregard for customer rights.",NEGATIVE,0.9996,Account Access Issues
435,"it's good, but sometime the app can not be fast and it will need upgraeds.....?",NEGATIVE,0.9965,General Feedback
436,I gone to cbe branch more times as I updated or re installed it because it asks verfication no. after reinstallation or updation tis costy for you,NEGATIVE,0.9988,Feature Requests
437,wonderful Pp,POSITIVE,0.9999,General Feedback
438,ok,POSITIVE,0.9998,General Feedback
439,l want Mobile banks code,NEGATIVE,0.981,General Feedback
440,My application are not working,NEGATIVE,0.9998,General Feedback
441,its good customer support,POSITIVE,0.9999,General Feedback
442,Can't active now,NEGATIVE,0.9991,General Feedback
443,this app is really make me excited 😊,POSITIVE,0.9995,General Feedback
444,ok,POSITIVE,0.9998,General Feedback
445,Easy to use and best way for online transactions in Ethiopia.,POSITIVE,0.9341,General Feedback
446,good,POSITIVE,0.9998,General Feedback
447,ቸርነት ገበየሁ,NEGATIVE,0.7851,General Feedback
448,"False advertising regarding Virtual Mastercard/Visa 😓😢😓 The latest update claims to support Mastercard and Visa cards, but this is completely false. The features are either missing or do not work at all. It is shameful for a leading bank to mislead its customers with ""new features"" that aren't actually available. Fix the bugs or stop making false promises.",NEGATIVE,0.9997,App Stability & UI
449,good,POSITIVE,0.9998,General Feedback
450,thanks for my custom,POSITIVE,0.9996,General Feedback
451,is good always not work not access.,POSITIVE,0.784,General Feedback
452,perfect 👌,POSITIVE,0.9998,General Feedback
453,Baankiin Daldala Itoophiyaa nuuf qabeenya guddaa tahuu hin dagatinaa Mata duree ykn Handhuura baankii hundaati,NEGATIVE,0.9954,General Feedback
454,The worst Application,NEGATIVE,0.9998,General Feedback
455,keepup the good work thanks,POSITIVE,0.9999,General Feedback
456,it good,POSITIVE,0.9998,General Feedback
457,loved,POSITIVE,0.9999,General Feedback
458,❤,NEGATIVE,0.6971,General Feedback
459,good,POSITIVE,0.9998,General Feedback
460,exellent app!!!!!,NEGATIVE,0.586,General Feedback
461,it's good,POSITIVE,0.9998,General Feedback
462,easy to use,POSITIVE,0.9989,General Feedback
463,good,POSITIVE,0.9998,General Feedback
464,Very Good service,POSITIVE,0.9999,General Feedback
465,The most dictator app in the banking industry. you beg for your own amount.,NEGATIVE,0.9865,General Feedback
466,Very good,POSITIVE,0.9999,General Feedback
467,ጥሩ ነው,NEGATIVE,0.7851,General Feedback
468,ቀርፋፋ ነዉ,NEGATIVE,0.7851,General Feedback
469,their is no option to write the code and it is not functioning and i can't find the setting,NEGATIVE,0.9998,General Feedback
470,I like it,POSITIVE,0.9999,General Feedback
471,slowing on connection.,NEGATIVE,0.9925,App Stability & UI
472,please release an app which can work for all android versions.,POSITIVE,0.8181,General Feedback
473,"The previous application is good, but currently, after updating the application, everything is not working properly.",NEGATIVE,0.9993,Feature Requests
474,first bank itoophiyaa nigd bank,NEGATIVE,0.9822,General Feedback
475,Good,POSITIVE,0.9998,General Feedback
476,heddu gaalatoma,NEGATIVE,0.8927,General Feedback
477,"Did you know that if you open and hide your balance amount, it's font size will grow untill you can make it grow anymore because the Eye thingy will disappear (😭😭🫠)",NEGATIVE,0.9987,Transaction Performance
478,this is best app,POSITIVE,0.9996,General Feedback
479,"sometimes it shows ""the app is not configured to the latest"" message. Version 5.2 4",NEGATIVE,0.9978,General Feedback
480,"Due to app version is to long ,this app is more lost money for new phone,im sory the new CBE app developper!",NEGATIVE,0.9991,Transaction Performance
481,I am using most of my financial things smoothly.,POSITIVE,0.9986,General Feedback
482,good,POSITIVE,0.9998,General Feedback
483,Nice,POSITIVE,0.9999,General Feedback
484,ወደ ቴሌ ለማስተላለፍ ዕምብ አለ,NEGATIVE,0.8832,General Feedback
485,nic,POSITIVE,0.9977,General Feedback
486,good,POSITIVE,0.9998,General Feedback
487,Excellent app,POSITIVE,0.9998,General Feedback
488,ok,POSITIVE,0.9998,General Feedback
489,I like this apk and also I can accessed it wel!,POSITIVE,0.9989,General Feedback
490,This app is not working on samsung j6 devices this is not fair we can't afford to buy new devices so u have to make work on this devices to?,NEGATIVE,0.9995,General Feedback
491,best,POSITIVE,0.9998,General Feedback
492,it's very good apps I like it,POSITIVE,0.9999,General Feedback
493,Good work,POSITIVE,0.9998,General Feedback
494,"Good app, Thanks",POSITIVE,0.9998,General Feedback
495,my choice,POSITIVE,0.9979,General Feedback
496,strong 💪,POSITIVE,0.9998,General Feedback
497,Good,POSITIVE,0.9998,General Feedback
498,Excellent,POSITIVE,0.9998,General Feedback
499,Your app is not working for android version 8. pls make it available!!,NEGATIVE,0.9987,General Feedback
500,I couldn't pay/transfer to my loan account. Would you mind updating your system?,NEGATIVE,0.9987,Account Access Issues
501,Its Good,POSITIVE,0.9998,General Feedback
502,good,POSITIVE,0.9998,General Feedback
503,it's very good app,POSITIVE,0.9999,General Feedback
504,this app is good but the speed of app is very slow,NEGATIVE,0.9952,App Stability & UI
505,good,POSITIVE,0.9998,General Feedback
506,boa the best,POSITIVE,0.9998,General Feedback
507,bank of absiniya is best bank in ethiopian,POSITIVE,0.9998,General Feedback
508,አስተማማኝና ዘመኑን የዋጀ,NEGATIVE,0.8337,General Feedback
509,good,POSITIVE,0.9998,General Feedback
510,extremely slow app and unreliable for most payment i have stuggled to much with this,NEGATIVE,0.9995,Transaction Performance
511,Amazing app,POSITIVE,0.9999,General Feedback
512,"I tried to oppen mobile app of BOA, but it can't work on my phone after activation. I can't login to it. the staffs tried their best and asked me the android version which is 16 and clear the catches, reinstall the app but the same restult × close the app. disappointing",NEGATIVE,0.9992,Account Access Issues
513,nice app 👍👍👍,POSITIVE,0.9997,General Feedback
514,easy to understand,POSITIVE,0.9997,General Feedback
515,best,POSITIVE,0.9998,General Feedback
516,a wonderful Bank success app in Ethiopia 🇪🇹,POSITIVE,0.9998,General Feedback
517,nice,POSITIVE,0.9999,General Feedback
518,there's an error in app i don't ever know what's the case,NEGATIVE,0.9997,App Stability & UI
519,BoA always❤,NEGATIVE,0.9719,General Feedback
520,the worst app,NEGATIVE,0.9998,General Feedback
521,what an amazing service,POSITIVE,0.9998,General Feedback
522,abezash,POSITIVE,0.8301,General Feedback
523,😁😁ል,NEGATIVE,0.6971,General Feedback
524,Not working,NEGATIVE,0.9998,General Feedback
525,best,POSITIVE,0.9998,General Feedback
526,nice,POSITIVE,0.9999,General Feedback
527,everything new that other banks started abyssinia started it but this one year have been a disaster the mobile banking crashes everytime please do what you do best,NEGATIVE,0.9983,App Stability & UI
528,"the best applcation,, how can winning byd car 😭🤣🤣",POSITIVE,0.9992,General Feedback
529,good,POSITIVE,0.9998,General Feedback
530,"the app does not show my account balance correctly compared to what I get with the SMS notification. Again and again I am not able to make transfers because the app has issues. The app has over years now frequently problems, doesn't load, or is sometimes not working entirely and I can not open it. Even to the point that I question the rating of this app if it's true or distorted. I am not sure how it can be 4 stars something, when in real life the app just doesn't work a lot of the time.",NEGATIVE,0.9997,Account Access Issues
531,excellent service,POSITIVE,0.9999,General Feedback
532,it very slow to access the app when urgent,NEGATIVE,0.9998,App Stability & UI
533,very Good app,POSITIVE,0.9999,General Feedback
534,best i ethiopia,POSITIVE,0.9997,General Feedback
535,when i try to see my balance the app logs me out.i try to uninstall the app and install it when i try to login again it says login expired.the worest mobile banking in ethiopia. fix it,NEGATIVE,0.9979,Account Access Issues
536,good,POSITIVE,0.9998,General Feedback
537,like,POSITIVE,0.9911,General Feedback
538,Why transfer to telebirr agent doesn't work?,NEGATIVE,0.9996,Transaction Performance
539,best 👌 app in entire industry,POSITIVE,0.9995,General Feedback
540,besst app,NEGATIVE,0.9778,General Feedback
541,good 👍,POSITIVE,0.9999,General Feedback
542,ksanet hayle,POSITIVE,0.9805,General Feedback
543,this app is not use my pbone android 16 and not fix boa nearest branch how to use this app,NEGATIVE,0.9993,General Feedback
544,"disappointing experience .couldn't even do transactions ,so slow .you should check and update it please",NEGATIVE,0.9549,App Stability & UI
545,poor functional and also very interactive customer service at branch,NEGATIVE,0.9997,General Feedback
546,low networks,NEGATIVE,0.9996,App Stability & UI
547,Fast& Modern,POSITIVE,0.9998,General Feedback
548,very nice service appreciated 👍,POSITIVE,0.9998,General Feedback
549,it's not working always says error occured,NEGATIVE,0.9997,App Stability & UI
550,good,POSITIVE,0.9998,General Feedback
551,fast and reliable app,POSITIVE,0.9998,General Feedback
552,good,POSITIVE,0.9998,General Feedback
553,እረተውኝ,NEGATIVE,0.6971,General Feedback
554,good,POSITIVE,0.9998,General Feedback
555,its good,POSITIVE,0.9998,General Feedback
556,updte,POSITIVE,0.7715,General Feedback
557,nice,POSITIVE,0.9999,General Feedback
558,"Personal opinion: If Abyssinia Mobile Banking allows you to use data from the SIM card where banking is activated, for example, if the connection to the WiFi router stops, if it is possible to use the SIM card where it was activated, and if the password can finally be re-entered 🙏",NEGATIVE,0.998,Account Access Issues
559,stupid app! when i try to send money it says error occured,NEGATIVE,0.9998,Transaction Performance
560,i loveit,POSITIVE,0.9998,General Feedback
561,Boa yleyal,POSITIVE,0.9783,General Feedback
562,lovely,POSITIVE,0.9999,General Feedback
563,other bank is very slow,NEGATIVE,0.999,App Stability & UI
564,good,POSITIVE,0.9998,General Feedback
565,When transaction done form BOA to Other Bank accounts the receipt does not include the name of receipant(the who receive the money),NEGATIVE,0.9988,Account Access Issues
566,Niyse,POSITIVE,0.7926,General Feedback
567,good,POSITIVE,0.9998,General Feedback
568,my choice BOA,POSITIVE,0.7396,General Feedback
569,በጣም ጥሩ ነው,NEGATIVE,0.8337,General Feedback
570,smart app,POSITIVE,0.9998,General Feedback
571,emails connect to pone numbers link all the city banks by location naw,NEGATIVE,0.9879,General Feedback
572,good,POSITIVE,0.9998,General Feedback
573,good,POSITIVE,0.9998,General Feedback
574,My favorite app,POSITIVE,0.9983,General Feedback
575,very good,POSITIVE,0.9999,General Feedback
576,smart app smart bank,POSITIVE,0.9994,General Feedback
577,You can't rely on Abyssinia. They are the worst,NEGATIVE,0.9985,General Feedback
578,its the the bank of bank,POSITIVE,0.8856,General Feedback
579,good app,POSITIVE,0.9998,General Feedback
580,beti araya,POSITIVE,0.9919,General Feedback
581,ok app,POSITIVE,0.9997,General Feedback
582,something is wrong,NEGATIVE,0.9989,General Feedback
583,abanamu boriifuu hindhabamu horiinu ajiraanu woliinuu,NEGATIVE,0.9803,General Feedback
584,good up except some sluggishness,POSITIVE,0.993,General Feedback
585,good app,POSITIVE,0.9998,General Feedback
586,it is not bad it just ok,POSITIVE,0.9997,General Feedback
587,well,POSITIVE,0.9996,General Feedback
588,i can't transfer money to other bank. 😒😒,NEGATIVE,0.9885,Transaction Performance
589,doesn't work,NEGATIVE,0.9997,General Feedback
590,cheru birhanu,POSITIVE,0.8392,General Feedback
591,This app good b/c reduce my time,POSITIVE,0.9904,General Feedback
592,Machin tecnoloj,NEGATIVE,0.9506,General Feedback
593,developer option offe,NEGATIVE,0.9993,General Feedback
594,"Bank of Abyssinia used to be the best for me, but now I don’t think so. I spent the whole day at the branch trying to fix my mobile banking, yet nothing changed. I was asked repeatedly for my ID and signature without any real solution. It’s disappointing and frustrating to see such poor service. I expected much better 🙏 Please fix this urgently 🙏",NEGATIVE,0.9996,Account Access Issues
595,good!,POSITIVE,0.9998,General Feedback
596,BoA Mobile app,NEGATIVE,0.7574,General Feedback
597,good,POSITIVE,0.9998,General Feedback
598,it is simple and fast app,POSITIVE,0.9996,General Feedback
599,awful,NEGATIVE,0.9998,General Feedback
600,👍👍👍,NEGATIVE,0.6971,General Feedback
601,ቤጣም ጥሩ ነው ግን ኖ ፍጥነት ብዙ ስታክ ኦኬ,NEGATIVE,0.9322,General Feedback
602,best app,POSITIVE,0.9997,General Feedback
603,awesome and fast app it uses to do my work easier..🥰,POSITIVE,0.9998,General Feedback
604,simple and fast,POSITIVE,0.9998,General Feedback
605,very good appreciation trusted,POSITIVE,0.9998,General Feedback
606,very nice app u love it,POSITIVE,0.9999,General Feedback
607,happy,POSITIVE,0.9999,General Feedback
608,The worst banking app ever. When I toggle the balance button it shows session expired. I can't even check balance😔,NEGATIVE,0.9998,Transaction Performance
609,Secured and rely on BOA.,POSITIVE,0.9813,General Feedback
610,good,POSITIVE,0.9998,General Feedback
611,Nice App,POSITIVE,0.9998,General Feedback
612,Good,POSITIVE,0.9998,General Feedback
613,very good app,POSITIVE,0.9999,General Feedback
614,good to use,POSITIVE,0.9998,General Feedback
615,excellent!,POSITIVE,0.9999,General Feedback
616,Thanks bank of Abisiniya,POSITIVE,0.9994,General Feedback
617,good ap,POSITIVE,0.9998,General Feedback
618,Very nice application,POSITIVE,0.9999,General Feedback
619,the BoA is the smartest app,POSITIVE,0.9997,General Feedback
620,nice,POSITIVE,0.9999,General Feedback
621,Wow!!,POSITIVE,0.9997,General Feedback
622,v.good,POSITIVE,0.9949,General Feedback
623,wow,POSITIVE,0.9996,General Feedback
624,best,POSITIVE,0.9998,General Feedback
625,very excellent and truth application.,POSITIVE,0.9999,General Feedback
626,very good,POSITIVE,0.9999,General Feedback
627,"All problems are fixed now , easy to use recommended.",POSITIVE,0.7009,General Feedback
628,it is slow app pls update more,NEGATIVE,0.9995,App Stability & UI
629,good,POSITIVE,0.9998,General Feedback
630,amazing app ever,POSITIVE,0.9999,General Feedback
631,It did not work at all for me,NEGATIVE,0.9998,General Feedback
632,besat🥰,NEGATIVE,0.6971,General Feedback
633,amazing 😄 service I appreciate it,POSITIVE,0.9999,General Feedback
634,no limit app,POSITIVE,0.9425,General Feedback
635,Very excayeted and degjetalization more accecing to any markate enabled servece also hamble so more atande,NEGATIVE,0.9049,General Feedback
636,Best !,POSITIVE,0.9998,General Feedback
637,the app is always full of bugs and I don't know why they don't even try to fix them it's been like this for years it's always unstable,NEGATIVE,0.999,App Stability & UI
638,very good,POSITIVE,0.9999,General Feedback
639,fast app,POSITIVE,0.9984,General Feedback
640,best app,POSITIVE,0.9997,General Feedback
641,very good service,POSITIVE,0.9999,General Feedback
642,lovely app,POSITIVE,0.9999,General Feedback
643,"BoA easily accessible, fast with best service, Go ahead",POSITIVE,0.9997,General Feedback
644,its so amazing,POSITIVE,0.9999,General Feedback
645,good,POSITIVE,0.9998,General Feedback
646,Now this bank is among those Ethiopian banks with best mobile banking. N.B I will give 5 star if the app asks a PIN before completing transaction.,POSITIVE,0.9972,General Feedback
647,love BOA,POSITIVE,0.9998,General Feedback
648,wow,POSITIVE,0.9996,General Feedback
649,i like,POSITIVE,0.9998,General Feedback
650,it stucks and jumps out,NEGATIVE,0.9759,General Feedback
651,ማስተዋልይርሳው,NEGATIVE,0.6971,General Feedback
652,1 ደኛ,NEGATIVE,0.7333,General Feedback
653,nice,POSITIVE,0.9999,General Feedback
654,considering the fact that bank is huge this app really bad you could do better,NEGATIVE,0.9997,General Feedback
655,fast security 🔥🔥🔥,POSITIVE,0.9876,General Feedback
656,100% 😱😱,POSITIVE,0.9975,General Feedback
657,doesn't work.,NEGATIVE,0.9998,General Feedback
658,nice,POSITIVE,0.9999,General Feedback
659,atdtd,NEGATIVE,0.8664,General Feedback
660,Its so boaring app I ever had....please review and fix z deficulties,NEGATIVE,0.9886,General Feedback
661,ፈት አፈዘ,NEGATIVE,0.7851,General Feedback
662,profesionl,NEGATIVE,0.9871,General Feedback
663,nice,POSITIVE,0.9999,General Feedback
664,very nice,POSITIVE,0.9999,General Feedback
665,no app,NEGATIVE,0.9996,General Feedback
666,BOA mobile app,NEGATIVE,0.7574,General Feedback
667,"Good App But big problem with Trasfer to other Bank im send some money to other bank still not reach it ,it's take time around two days",NEGATIVE,0.9948,Transaction Performance
668,Use the best bank account ✅👌👌👌,POSITIVE,0.9632,Account Access Issues
669,well app,POSITIVE,0.9994,General Feedback
670,"balance sync is working after 24 hours, frequently stop working for the last 4 yrs, boring update released, very poor service",NEGATIVE,0.9993,Transaction Performance
671,Excellent service thanks,POSITIVE,0.9999,General Feedback
672,good,POSITIVE,0.9998,General Feedback
673,good,POSITIVE,0.9998,General Feedback
674,Good,POSITIVE,0.9998,General Feedback
675,it crush every time you opend it it is hard to pay quickly or to access,NEGATIVE,0.9993,Transaction Performance
676,it is a best app,POSITIVE,0.9998,General Feedback
677,"this app is useless, i try to use it but the app crash and log me out and this is happen again and again. i thought they will fix it on update but there is no update.",NEGATIVE,0.9991,Account Access Issues
678,"It’s very hard, it’s not working.👎👎",NEGATIVE,0.9998,General Feedback
679,v.good,POSITIVE,0.9949,General Feedback
680,some time the app would have been a problem to open,NEGATIVE,0.9992,General Feedback
681,good,POSITIVE,0.9998,General Feedback
682,good,POSITIVE,0.9998,General Feedback
683,Its not work accurately please improve your mobile banking,NEGATIVE,0.9996,General Feedback
684,the most doagusting app from ethiopian banking especially on weekdenda🤮🤮🤮🤮🤮🤮🤮,POSITIVE,0.6833,General Feedback
685,wondo mechesa,POSITIVE,0.998,General Feedback
686,good but the user interface and animations need some upgrade,NEGATIVE,0.9855,General Feedback
687,what is wrong these app ?,NEGATIVE,0.9996,General Feedback
688,very good app,POSITIVE,0.9999,General Feedback
689,unsatisfied to your mobile banking application,NEGATIVE,0.9981,General Feedback
690,"Whenever I want to see my balance, the app says “no” and logs me out. Looks like the developer doesn’t want customers to know the truth 😄! This app really protects my money. It logs me out before I can even see my balance. 👉 Honestly, this app doesn’t reflect the quality of Bank of Abyssinia.",NEGATIVE,0.999,Account Access Issues
691,"BoA Mobile is boring, imagine if you install it to your phone it crash when once used and require reinstall. I downloaded ten times but it still crashing.",NEGATIVE,0.9995,App Stability & UI
692,እሽቱ,NEGATIVE,0.6971,General Feedback
693,very clumsy application. it sucks alot.,NEGATIVE,0.9998,General Feedback
694,so perfect in everything,POSITIVE,0.9999,General Feedback
695,yse good ap,POSITIVE,0.9995,General Feedback
696,the worst Mobile banking app👎👎👎👎,NEGATIVE,0.9998,General Feedback
697,እየሩስ ፣አይለ፣,NEGATIVE,0.8616,General Feedback
698,very nice,POSITIVE,0.9999,General Feedback
699,very Good application,POSITIVE,0.9999,General Feedback
700,yes,POSITIVE,0.9998,General Feedback
701,app doesnt work,NEGATIVE,0.9995,General Feedback
702,it's too slow and when you are in a hurry don't use this app,NEGATIVE,0.9989,App Stability & UI
703,The worest app ever .work hard and do betterthan this,NEGATIVE,0.9423,General Feedback
704,The app is always glitch seems there's is significant issue from the backend. Can someone take a look on this or just remove from appstore this trash 🗑 🙄. Thank you.,NEGATIVE,0.9989,Account Access Issues
705,n m ű,POSITIVE,0.8321,General Feedback
706,so good,POSITIVE,0.9998,General Feedback
707,my app is not working .,NEGATIVE,0.9998,General Feedback
708,"Problems with internet, the app sometimes says there is no internet connection while Internet Data is on. this needs to be fixed, it's unacceptable not being able to access your bank account when you need it.",NEGATIVE,0.9997,Account Access Issues
709,"There's only one word to describe BOA mobile banking app, and it's 'እንጨት'. It's been the worst experience and it's continuing to be so.",NEGATIVE,0.9998,General Feedback
710,not good update it again,NEGATIVE,0.9997,Feature Requests
711,the app not works on samsung galaxy A06 models it's directly kick you out of the app whenever u want to use it amd and then it's says the app is not working i hope they fix it soon,NEGATIVE,0.9996,General Feedback
712,The worest banking app i ever used,POSITIVE,0.9593,General Feedback
713,"This app is the worst app I've ever seen. Unless the developer fixes it, BOA will lose all its customers.",NEGATIVE,0.9998,General Feedback
714,yetemeta app nw cherash nw apk west maygebawu beza sebeb absiniya tesenabichalewu,NEGATIVE,0.9904,General Feedback
715,ደገፉ ፈፊኘየየከ ወግወ ደገፉ,NEGATIVE,0.8616,General Feedback
716,good,POSITIVE,0.9998,General Feedback
717,good 👍👍👍,POSITIVE,0.9999,General Feedback
718,best digital financing app in ethiopia,POSITIVE,0.9993,General Feedback
719,wooow,NEGATIVE,0.9839,General Feedback
720,very good to be continued to update,POSITIVE,0.9999,Feature Requests
721,የአቢሲኒያ ባንክ app,NEGATIVE,0.618,General Feedback
722,አፕሊኬሽኑ መጨረሻ ቀርፋፋ ነው:: 2G,NEGATIVE,0.9781,General Feedback
723,best,POSITIVE,0.9998,General Feedback
724,"what is this the 19 century 😡,we can't even see our balance,this app is going backwards 😤",NEGATIVE,0.999,Transaction Performance
725,The worst Mobile banking app in Ethiopia,NEGATIVE,0.9998,General Feedback
726,great,POSITIVE,0.9999,General Feedback
727,Applicationa kerem delile,NEGATIVE,0.997,General Feedback
728,fast,POSITIVE,0.9989,General Feedback
729,Good,POSITIVE,0.9998,General Feedback
730,good,POSITIVE,0.9998,General Feedback
731,😍,NEGATIVE,0.6971,General Feedback
732,best,POSITIVE,0.9998,General Feedback
733,nice,POSITIVE,0.9999,General Feedback
734,WE EXPECT IT WILL BE MORE AND MORE FASTER THAN EARLIER!,NEGATIVE,0.9444,General Feedback
735,Amazing App 👏,POSITIVE,0.9998,General Feedback
736,Niec app,POSITIVE,0.7499,General Feedback
737,best app of the year,POSITIVE,0.9997,General Feedback
738,waw,NEGATIVE,0.7346,General Feedback
739,it constantly bugs and doesnt open what is the purpose of mobile banking app if i dont use it when i need it?,NEGATIVE,0.9996,App Stability & UI
740,🔥🔥,NEGATIVE,0.6971,General Feedback
741,good,POSITIVE,0.9998,General Feedback
742,good,POSITIVE,0.9998,General Feedback
743,"please fix the bug this app does not work, it says Error The request was not successful. Please check device connectivity or try again.",NEGATIVE,0.9998,App Stability & UI
744,not bad,POSITIVE,0.9996,General Feedback
745,nice banking,POSITIVE,0.9998,General Feedback
746,what a bad app... cant even learn from CBE ... how can they even improve?,NEGATIVE,0.9998,General Feedback
747,it stuck everytime when i use it . the app won't budge to even open,NEGATIVE,0.9977,General Feedback
748,i don't find it good and now it is not working!,NEGATIVE,0.9998,General Feedback
749,Make the reason we wrote visible on app transaction.,NEGATIVE,0.9712,General Feedback
750,app is note active working crash,NEGATIVE,0.8487,App Stability & UI
751,🙏👍,NEGATIVE,0.6971,General Feedback
752,Very Good,POSITIVE,0.9999,General Feedback
753,goof,NEGATIVE,0.9975,General Feedback
754,good!,POSITIVE,0.9998,General Feedback
755,bad exprience...it is so crushed,NEGATIVE,0.9998,General Feedback
756,not user friendly at all it requires a huge connectivity and also lags many times 😑😑😑,NEGATIVE,0.9998,App Stability & UI
757,ምንም የማይ ሰራ,NEGATIVE,0.8337,General Feedback
758,very good,POSITIVE,0.9999,General Feedback
759,most of the time is not working properly,NEGATIVE,0.9998,General Feedback
760,good service,POSITIVE,0.9998,General Feedback
761,not use for me,NEGATIVE,0.9954,General Feedback
762,It keeps notifying me to disable developer options and quiet while I'm not enabled. always bring another type of problem with new updates.,NEGATIVE,0.9968,App Stability & UI
763,waw,NEGATIVE,0.7346,General Feedback
764,the lag is unbelievable when you need it the most this suks,NEGATIVE,0.9983,General Feedback
765,I cant belive I could find the worst bank app ever .yet very simple to fix the problem and the company just ignored it. no body can do business with this kind of app.,NEGATIVE,0.9997,General Feedback
766,it is a good app,POSITIVE,0.9999,General Feedback
767,it is not working at all,NEGATIVE,0.9998,General Feedback
768,🥰🥰🥰🥰🥰 app is good but i was live in abroad and when i enter my otp code it didnt make me to write my code it the app want it self write thats not fair so please other wise i like it why,POSITIVE,0.8252,Account Access Issues
769,when trying to activate the app it keeps on loading on the security questions page. It has been two days,NEGATIVE,0.9953,General Feedback
770,fast and simple,POSITIVE,0.9997,General Feedback
771,best of best,POSITIVE,0.9997,General Feedback
772,Worest Banking App Ever I seen. Fake App Bad Better to Leave,NEGATIVE,0.9994,General Feedback
773,good,POSITIVE,0.9998,General Feedback
774,"I would like to share feedback regarding the application. It frequently experiences disruptions and does not function properly, often freezing or failing to load. This issue is affecting workflow and efficiency. Kindly review and address this problem to ensure smoother performance.",NEGATIVE,0.9947,App Stability & UI
775,Meet you genuine.App I tried is not functional.Helping.welldoingwith BOA Ethiopia .fastandrelevant.morconnecting Digitalyworld.Digitalyworld. thanks.,NEGATIVE,0.8849,General Feedback
776,best app,POSITIVE,0.9997,General Feedback
777,Best app,POSITIVE,0.9997,General Feedback
778,"Barely works, it always fails to connect",NEGATIVE,0.9998,General Feedback
779,this app launch time is so long also has dozen bugs in addition it's has been long time get update,NEGATIVE,0.9978,App Stability & UI
780,very nice,POSITIVE,0.9999,General Feedback
781,"Your application is very irritating to use, some functionality doesn't even work like on the card management. You need to do better than this and it good idea to reference other banking applications.",NEGATIVE,0.9986,General Feedback
782,I like,POSITIVE,0.9998,General Feedback
783,ወይ አሻሽሉትና እንጠቀምበት ያለያ ብታጠፉት ይሻላል። በቃ ምንም ነገር አይሰራም መተግበሪያ አለን ብላችሁ እንዳታወሩ ለማንም የማይመከር ቀርፋፋና ተግባር የለሽ መተግበሪያ,NEGATIVE,0.9609,General Feedback
784,i m sorry but it doesn't work for my android it is too slow but other bank are very fast please update,NEGATIVE,0.9083,App Stability & UI
785,"the worst app ever,",NEGATIVE,0.9998,General Feedback
786,better,POSITIVE,0.9993,General Feedback
787,"I kindly request that Bank of abyssinia address issues with its mobile app. It is very slow, has numerous problems, and frequently experiences downtime. The user experience is also poor. Thank you.",NEGATIVE,0.9993,App Stability & UI
788,this app can't open? what is problem? please solve my problem?,NEGATIVE,0.9996,General Feedback
789,kiyaa makonn,POSITIVE,0.7176,General Feedback
790,very very lazy app,NEGATIVE,0.9997,General Feedback
791,telebirr remittance,NEGATIVE,0.98,General Feedback
792,The best bank in 🇪🇹,POSITIVE,0.9998,General Feedback
793,its good,POSITIVE,0.9998,General Feedback
794,the worst app in my financial experience.,NEGATIVE,0.9998,General Feedback
795,good for mb appliciation,POSITIVE,0.9943,General Feedback
796,the worst bank ever. slow don't accept dual sim. they are very stupid and greedy,NEGATIVE,0.9998,App Stability & UI
797,try to easy network,NEGATIVE,0.9987,App Stability & UI
798,hussen hassen umer,POSITIVE,0.8681,General Feedback
799,"The app is not suitable and lacks a good UI design. As a large bank, you must update your app with a professional UI that is fast and appropriate.",NEGATIVE,0.9988,Account Access Issues
800,an exceptional banking app.,POSITIVE,0.9997,General Feedback
801,alhamdulilah,POSITIVE,0.8558,General Feedback
802,poor,NEGATIVE,0.9998,General Feedback
803,Best of best,POSITIVE,0.9997,General Feedback
804,from the last week updates the app is not working Please check the problems,NEGATIVE,0.9997,Feature Requests
805,It's always crushing,NEGATIVE,0.9994,General Feedback
806,office branches have to improve their services please,POSITIVE,0.665,General Feedback
807,♥️♥️,POSITIVE,0.9438,General Feedback
808,Why does it keep crashing? I can't even use this. BOA should do better. You have many customers and how to deal with this. I can't send money now.,NEGATIVE,0.9988,Transaction Performance
809,it needs a timely update,NEGATIVE,0.9983,Feature Requests
810,"It does not show the name of the person who sent the money to request a receipt. This has become very difficult for us. When different people transfer the same amount to me from different banks, it is very difficult to identify the account or the name of the sender.",NEGATIVE,0.9997,Account Access Issues
811,Like,POSITIVE,0.9911,General Feedback
812,I can't type my otp on it.,NEGATIVE,0.9991,Account Access Issues
813,"most of bank apps in Ethiopia are linked with ethiopian phone number, I live in US permanently so when I open BoA account, I told them where I live and to link it with email address instead of phone # as ethio phone number is not working where I live, unfortunetly my fear appeared and now when I change my phone device, it send the code to the ethio number which is not with me now. so please when u develop bank apps consider the diaspora community to use ur apps",NEGATIVE,0.9977,Account Access Issues
814,jaajja,NEGATIVE,0.9873,General Feedback
815,I love this bank the best experience ever.,POSITIVE,0.9999,General Feedback
816,"Nothing has been improved, it doesn't work like the previous version.",NEGATIVE,0.9997,General Feedback
817,Great,POSITIVE,0.9999,General Feedback
818,mobile banking,POSITIVE,0.9077,General Feedback
819,very good,POSITIVE,0.9999,General Feedback
820,😎,NEGATIVE,0.6971,General Feedback
821,"need alot of connection, chooses device, very lug even when there is connection",NEGATIVE,0.9919,General Feedback
822,On my ios it's perfect but on android it barley works and don't transfer and after a while it crushed and totally stopped working. Please fix the issue my beloved bank of abyssinia.,NEGATIVE,0.9964,Transaction Performance
823,none,NEGATIVE,0.9853,General Feedback
824,good,POSITIVE,0.9998,General Feedback
825,good,POSITIVE,0.9998,General Feedback
826,very good app i ever used,POSITIVE,0.9998,General Feedback
827,its nice app especially the transaction limit is extended but We face that BoA m.banking app doesn't respond at the activation stage strictly at SMSNG mobile phone. please try this to make safe.,NEGATIVE,0.998,General Feedback
828,zedo,POSITIVE,0.994,General Feedback
829,please open my mobile app,POSITIVE,0.9873,General Feedback
830,it doesn't open,NEGATIVE,0.9998,General Feedback
831,Very Good,POSITIVE,0.9999,General Feedback
832,Best banking transaction application in Ethiopia !,POSITIVE,0.9997,General Feedback
833,السلام عليكم ورحمة الله وبركاته ماشاء الله تبارك الرحمن هذا التطبيق ممتاز جدا,NEGATIVE,0.5818,General Feedback
834,tamaam kamal,POSITIVE,0.9919,General Feedback
835,በጣም ሐሪፍ,NEGATIVE,0.7851,General Feedback
836,great 👍,POSITIVE,0.9998,General Feedback
837,goof,NEGATIVE,0.9975,General Feedback
838,absiniya banki,NEGATIVE,0.9083,General Feedback
839,has issue after installation and i think it doesn't work with tecno common 30,NEGATIVE,0.9997,General Feedback
840,One of the best in this business,POSITIVE,0.9999,General Feedback
841,Excellent,POSITIVE,0.9998,General Feedback
842,besat🥰,NEGATIVE,0.6971,General Feedback
843,unlimited experience,POSITIVE,0.9997,General Feedback
844,"as bank, u should at least hire someone good at their job bc this a joke nowadays I can't even log in or even transfer without it crashing if u fix the app I will update this review I am counting on u boa update: so they atleast fixed it but as suggestion can u put password when in final step of sending money it will feel more secure that way",NEGATIVE,0.9991,Account Access Issues
845,very nice mobile banking app my favourite,POSITIVE,0.9998,General Feedback
846,"it almost never boots up!!! and even if it did, it crashes immediately",NEGATIVE,0.9978,App Stability & UI
847,best apps,POSITIVE,0.9998,General Feedback
848,the worst app ever to exist in a bank history,NEGATIVE,0.9998,General Feedback
849,thank you,POSITIVE,0.9998,General Feedback
850,Best mobile app in the country,POSITIVE,0.9997,General Feedback
851,not fast,NEGATIVE,0.995,General Feedback
852,keeps freezing at the front page.,NEGATIVE,0.9948,App Stability & UI
853,it is not working on redminote 11 pro+ pls fix it,NEGATIVE,0.9997,General Feedback
854,abseniya bank app,NEGATIVE,0.6962,General Feedback
855,good,POSITIVE,0.9998,General Feedback
856,yes goode app,POSITIVE,0.9997,General Feedback
857,Great App,POSITIVE,0.9998,General Feedback
858,1) Crashes repeatedly 2) Takes Century to Boot 3) Repeatedly requires Update which is very annoying. 4) It doesn't ask for Password for one step confirmation when transferring money. 5) Automatically stops music when the app is launched (it doesn't really matter just fyi) Overall this have to be the worst mobile banking app I have tried so far and should not be released with all these bugs & issues.,NEGATIVE,0.9997,Account Access Issues
859,ረጀብነሱ,NEGATIVE,0.6971,General Feedback
860,The Worst Mobile Banking App.,NEGATIVE,0.9998,General Feedback
861,giod,POSITIVE,0.9894,General Feedback
862,best bank in ethiopia,POSITIVE,0.9997,General Feedback
863,waqayyoo,POSITIVE,0.5037,General Feedback
864,please is not working,NEGATIVE,0.9998,General Feedback
865,nothing when I need to install the Apk it say that re-up date,NEGATIVE,0.9986,General Feedback
866,I can log in from any where,NEGATIVE,0.9498,Account Access Issues
867,😇,NEGATIVE,0.6971,General Feedback
868,no proplem,NEGATIVE,0.9912,General Feedback
869,👍👍👍,NEGATIVE,0.6971,General Feedback
870,excellent app,POSITIVE,0.9998,General Feedback
871,good work,POSITIVE,0.9998,General Feedback
872,☹️,NEGATIVE,0.6971,General Feedback
873,excellent,POSITIVE,0.9998,General Feedback
874,Great BoA,POSITIVE,0.9993,General Feedback
875,Good,POSITIVE,0.9998,General Feedback
876,Okay,POSITIVE,0.9998,General Feedback
877,not working,NEGATIVE,0.9998,General Feedback
878,This App is Getting worse and worse with every update,NEGATIVE,0.9996,Feature Requests
879,ምርጥ ነው,NEGATIVE,0.7851,General Feedback
880,nice,POSITIVE,0.9999,General Feedback
881,Best app,POSITIVE,0.9997,General Feedback
882,meku,POSITIVE,0.9422,General Feedback
883,nice,POSITIVE,0.9999,General Feedback
884,awasome app go a head,NEGATIVE,0.9981,General Feedback
885,😎,NEGATIVE,0.6971,General Feedback
886,it sucks as hell. it crashes most of the time and takes a long time to load .,NEGATIVE,0.9994,App Stability & UI
887,Easy and very nice app to load more than the previouse but in recent time some loading problem detected.,NEGATIVE,0.9851,App Stability & UI
888,wow,POSITIVE,0.9996,General Feedback
889,"The worst MBA I have experienced, The app crush frequently and they take to long to fix the problem even more than a week.",NEGATIVE,0.9997,General Feedback
890,amazing Banks App👌👌,POSITIVE,0.9998,General Feedback
891,goof,NEGATIVE,0.9975,General Feedback
892,good App fore me,POSITIVE,0.9998,General Feedback
893,"very uninterested it's not working when the ""developer mode on"" i haven't off the developer options i preferred to uninstall your app .....",NEGATIVE,0.9995,General Feedback
894,fantastic,POSITIVE,0.9999,General Feedback
895,👍,NEGATIVE,0.6971,General Feedback
896,it's nice to use.,POSITIVE,0.9998,General Feedback
897,app doesn't start,NEGATIVE,0.9974,General Feedback
898,Excellent application,POSITIVE,0.9999,General Feedback
899,its very bad app its very slow,NEGATIVE,0.9998,App Stability & UI
900,ብዙዬ ሺዋየ በለጠ,NEGATIVE,0.8337,General Feedback
901,good,POSITIVE,0.9998,General Feedback
902,Good job!,POSITIVE,0.9998,General Feedback
903,best financial app.,POSITIVE,0.9998,General Feedback
904,ቆንጆ ነው በርቱ,NEGATIVE,0.8337,General Feedback
905,the worst app humans ever created,NEGATIVE,0.9998,General Feedback
906,it's not working,NEGATIVE,0.9998,General Feedback
907,"Hello, I’m facing a problem with the BOA Mobile app. Every time I enter my phone number and password, the app crashes and shows an error that says “BoaMobile closed because this app has a bug.” I tried updating, reinstalling, and clearing cache, but nothing worked. Please fix this bug in the next update. I really need access to my account. Thank you.",NEGATIVE,0.9994,Account Access Issues
908,exceptional,POSITIVE,0.9999,General Feedback
909,BoA Mobile good bank,POSITIVE,0.9985,General Feedback
910,this is worest app 24/7 loading,NEGATIVE,0.9935,App Stability & UI
911,BoA system is confartable,NEGATIVE,0.998,General Feedback
912,"this app, for me , is a waste of time. It doesn't work . I can't even long in, and it really piss me off. FIX THE PROBLEM",NEGATIVE,0.9998,General Feedback
913,Good service.,POSITIVE,0.9999,General Feedback
914,the app crush frequently,NEGATIVE,0.9985,General Feedback
915,good,POSITIVE,0.9998,General Feedback
916,You guys keeps getting worst,NEGATIVE,0.9997,General Feedback
917,good,POSITIVE,0.9998,General Feedback
918,"This app is a joke. It crashes more than it works, takes forever to load, and half the features are just decorative at this point. Can’t log in, can’t transfer money, can’t even check my balance without it bugging out. To the developer: Are you actually trying to make this work, or is this some kind of social experiment to test our patience? Did you build this in your sleep? Because it definitely looks like it. If this is your idea of a functional app, maybe consider a different career path🙏",NEGATIVE,0.999,Account Access Issues
919,BoA,NEGATIVE,0.7411,General Feedback
920,good,POSITIVE,0.9998,General Feedback
921,but not opening on android,NEGATIVE,0.9952,General Feedback
922,Worst App ever. Totally unreliable. And it didn't work at all for the last 4 months.,NEGATIVE,0.9998,General Feedback
923,amazing,POSITIVE,0.9999,General Feedback
924,excellent,POSITIVE,0.9998,General Feedback
925,"this app does no work on Samsung a51, it just gives a preview of the logo",NEGATIVE,0.9992,Account Access Issues
926,nice,POSITIVE,0.9999,General Feedback
927,"i entered incorrect security question by mistake boa app lock pin forever, why is there no other options? ?? i contacted different branchs more then 4times but they didn't able to solve this issue .",NEGATIVE,0.9995,General Feedback
928,Best app,POSITIVE,0.9997,General Feedback
929,liking this application good 👍,POSITIVE,0.9997,General Feedback
930,"This app future is good, but there is problems with apps to reset and activate it, which is difficult even to the branch staffs, and it takes too long times to active at the branch plus most of the time high expected failure of activation after process at the counter and OTP sent not work",NEGATIVE,0.999,Account Access Issues
931,good,POSITIVE,0.9998,General Feedback
932,good,POSITIVE,0.9998,General Feedback
933,good,POSITIVE,0.9998,General Feedback
934,good,POSITIVE,0.9998,General Feedback
935,wow,POSITIVE,0.9996,General Feedback
936,it's really good 👍,POSITIVE,0.9999,General Feedback
937,Bad app . it stuck when you open and noting WORKS.,NEGATIVE,0.9995,General Feedback
938,"the app isn't working after it asked me the password it starts loading, but it doesn't open",NEGATIVE,0.9997,Account Access Issues
939,Best,POSITIVE,0.9998,General Feedback
940,It keeps showing this pop up to turn off developer options even tho it's off! I had to turn on and then off to make it work! This is a horrible experience and needs a fix asap! Plus kinda slow.,NEGATIVE,0.9997,App Stability & UI
941,yideg,NEGATIVE,0.7676,General Feedback
942,great boa,POSITIVE,0.9993,General Feedback
943,Best,POSITIVE,0.9998,General Feedback
944,boa of mobile backing,NEGATIVE,0.9806,General Feedback
945,nice,POSITIVE,0.9999,General Feedback
946,faster bank of Abissinya,POSITIVE,0.9722,General Feedback
947,i would have given it a lower if it was possible because it crush so much and it take the bank so long to fix the bug,NEGATIVE,0.9997,App Stability & UI
948,it just doesn't work...so frustrating,NEGATIVE,0.9998,General Feedback
949,like,POSITIVE,0.9911,General Feedback
950,it's not work correctly... you must have update it,NEGATIVE,0.9998,Feature Requests
951,"the app gets a considerable improvements like language , QR scanner and unlimited transfers survice. but BOA Please do alot on its fastness and convenient when we login and making a transactions.",POSITIVE,0.9575,Account Access Issues
952,after i typed in my password it says successfully logged out ...and goes back to the first page,NEGATIVE,0.5857,Account Access Issues
953,good but they don't update enough don't add new things,NEGATIVE,0.9694,Feature Requests
954,very good,POSITIVE,0.9999,General Feedback
955,thank you,POSITIVE,0.9998,General Feedback
956,it doesn't work period z slowest mobile banking ever i would rather use *815#,NEGATIVE,0.9991,App Stability & UI
957,"after activated the application it not allowed to sign , automatically it is turn off In my phone, why ?",NEGATIVE,0.9974,Account Access Issues
958,good application,POSITIVE,0.9999,General Feedback
959,this version is not working for me I cannot even buy card. I cannot send money,NEGATIVE,0.9996,Transaction Performance
960,"It can't actively on initialization, it says incorrect OTP getting the exact OTP",NEGATIVE,0.9996,Account Access Issues
961,always problematic hardly works,NEGATIVE,0.9996,General Feedback
962,best app,POSITIVE,0.9997,General Feedback
963,very good,POSITIVE,0.9999,General Feedback
964,"worst app and Bank ever u be ashamed, scammer",NEGATIVE,0.9998,General Feedback
965,great BoA,POSITIVE,0.9993,General Feedback
966,best,POSITIVE,0.9998,General Feedback
967,i have went to the bank so many times because i couldn't make any transaction i can only see my balance nothing else so what is the point of having mobile banking if i can't make any transaction with it please work in that,NEGATIVE,0.9988,Transaction Performance
968,good,POSITIVE,0.9998,General Feedback
969,good,POSITIVE,0.9998,General Feedback
970,there is no speed,NEGATIVE,0.9994,General Feedback
971,"For anyone who wants to download it, just don't!!!",NEGATIVE,0.9994,General Feedback
972,wonderful,POSITIVE,0.9999,General Feedback
973,all worck,NEGATIVE,0.9971,General Feedback
974,Loved it,POSITIVE,0.9999,General Feedback
975,Wow,POSITIVE,0.9996,General Feedback
976,"Edit: New bug, app not letting me type in my otp codes. Shameful Why does this app not allow me to use it while having developer options on? Did y'all consider that I might, perhaps, be an actual developer? Why am I expected to toggle the option on and off just to bank (restarting my phone when I do)? Why is the message labled as somthing that will ""smoothen"" the experience? This is like the most ""security consultant"" thing to implement in an app. Please invest in actual security, not this mess.",NEGATIVE,0.9986,Account Access Issues
977,Improved to be the best,POSITIVE,0.9999,General Feedback
978,BoA,NEGATIVE,0.7411,General Feedback
979,"Decent, but there problems sometimes it says error When i transfer money but infact it transferred because of this bug i transferred 2 times instead of 1 and also we can't transfer money to others telebirr acc we only can to our self BOE Dev fix this !!!",NEGATIVE,0.9975,Transaction Performance
980,BoA Greqt Ethiopian bank.,NEGATIVE,0.8458,General Feedback
981,"The bug is still there,the app crashes every time i try to log in, especially in old phones like my Galaxy A32",NEGATIVE,0.9995,Account Access Issues
982,Almost better compared to cbe where it is not qualified for,NEGATIVE,0.9742,General Feedback
983,what awesome apps. it is very simple to use and more much important apps.,POSITIVE,0.9998,General Feedback
984,Wonderfull app,POSITIVE,0.9999,General Feedback
985,i can't use this app why?,NEGATIVE,0.9993,General Feedback
986,Worst mobile banking app I ever experienced I was blaming other apps but comparing with this they're too much better!!!! It clashes it takes much longer time to login while loading in short it's a complete of trash,NEGATIVE,0.9997,Account Access Issues
987,Wow,POSITIVE,0.9996,General Feedback
988,bro the worst app made by human kind!! as a software engineer it make me so sad seeing enterprise as big as BOA make apps like this. it is a disgrace for our country!!,NEGATIVE,0.9998,General Feedback
989,AGA B Girja Miss language of admin Afaan oromo & other Itoophiyaa languages,NEGATIVE,0.9959,General Feedback
990,Good app,POSITIVE,0.9998,General Feedback
991,"I downloaded the app for the first time while reading other customers reviews and as soon as i installed and opened the app it closes back automatically, what unserious bank, now i uninstalled the app immediately",NEGATIVE,0.9916,General Feedback
992,It has good features but sometimes it doesn't work...0,NEGATIVE,0.9957,Feature Requests
993,Very poor proformance,NEGATIVE,0.9998,General Feedback
994,It's not opening. Really frustrating,NEGATIVE,0.9997,General Feedback
995,Verry Amazing App from all IB,POSITIVE,0.9997,General Feedback
996,Not working on this days,NEGATIVE,0.9973,General Feedback
997,Thank you BoA,POSITIVE,0.9998,General Feedback
998,best banking app in the wworld,POSITIVE,0.9996,General Feedback
999,Nice app and it's easy to use,POSITIVE,0.9998,General Feedback
1000,"please add language in the apps setting(amharic afan oromo, tigniya,and others) sometimes bank to bank transfer is not available through time and even if if it is available not reachable…it is serious issue!",NEGATIVE,0.9993,Transaction Performance
