review,rating,date,bank,source
It's not allowing me to transfer money.,2,2026-05-15 12:22:49,Commercial Bank of Ethiopia,Google Play
IT'S NOT WORK ON HUAWEI DEVICES,4,2026-05-15 12:07:21,Commercial Bank of Ethiopia,Google Play
wow,4,2026-05-14 18:52:51,Commercial Bank of Ethiopia,Google Play
nice app,5,2026-05-14 18:28:23,Commercial Bank of Ethiopia,Google Play
formative,5,2026-05-14 16:49:46,Commercial Bank of Ethiopia,Google Play
best app for financial activities 🙌,5,2026-05-14 16:46:29,Commercial Bank of Ethiopia,Google Play
yoroo namaste 🙏 ♥️ ❤️ 💖 💖,5,2026-05-14 12:13:13,Commercial Bank of Ethiopia,Google Play
incredible,5,2026-05-14 10:53:56,Commercial Bank of Ethiopia,Google Play
best app for financial sector,5,2026-05-14 05:44:01,Commercial Bank of Ethiopia,Google Play
it's a good application,5,2026-05-13 20:28:58,Commercial Bank of Ethiopia,Google Play
thank you cbe,5,2026-05-13 17:16:37,Commercial Bank of Ethiopia,Google Play
is good,5,2026-05-13 16:18:45,Commercial Bank of Ethiopia,Google Play
wow,5,2026-05-13 12:19:17,Commercial Bank of Ethiopia,Google Play
Good application,2,2026-05-13 11:27:52,Commercial Bank of Ethiopia,Google Play
"Nice, but I can't get some recently transactions. please try to keep all history scrolling full visibility done.",5,2026-05-13 11:21:48,Commercial Bank of Ethiopia,Google Play
Very Secure but very poor interface and limited history service. The new colorful version is worst. Visibility and contrast are low. It is just my idea.,1,2026-05-13 11:11:25,Commercial Bank of Ethiopia,Google Play
very nice 100%,5,2026-05-13 05:12:17,Commercial Bank of Ethiopia,Google Play
good,5,2026-05-12 19:02:00,Commercial Bank of Ethiopia,Google Play
Good to use,5,2026-05-12 12:23:58,Commercial Bank of Ethiopia,Google Play
cbe,1,2026-05-12 06:18:40,Commercial Bank of Ethiopia,Google Play
Cbe,4,2026-05-11 17:21:59,Commercial Bank of Ethiopia,Google Play
best and secured,5,2026-05-11 11:04:31,Commercial Bank of Ethiopia,Google Play
best,5,2026-05-11 09:22:25,Commercial Bank of Ethiopia,Google Play
ok,5,2026-05-11 00:24:09,Commercial Bank of Ethiopia,Google Play
good,5,2026-05-10 17:46:00,Commercial Bank of Ethiopia,Google Play
why is my transaction fee hidden? Why doesn't the app show some of the transaction fees before. eg vat 15% show it togather before confirmation not after it feels like a scam.,3,2026-05-10 16:13:18,Commercial Bank of Ethiopia,Google Play
Gal✅😶‍🌫️,1,2026-05-10 15:07:21,Commercial Bank of Ethiopia,Google Play
posetive,5,2026-05-10 07:13:20,Commercial Bank of Ethiopia,Google Play
እ. በ. ጥ. ነው,5,2026-05-10 00:40:02,Commercial Bank of Ethiopia,Google Play
good,5,2026-05-09 23:46:18,Commercial Bank of Ethiopia,Google Play
It is usefull app,5,2026-05-09 18:14:32,Commercial Bank of Ethiopia,Google Play
this app is so functional for airtime for wallet and,5,2026-05-09 15:02:46,Commercial Bank of Ethiopia,Google Play
very amazing app,5,2026-05-09 14:05:08,Commercial Bank of Ethiopia,Google Play
excellent service,5,2026-05-09 13:57:37,Commercial Bank of Ethiopia,Google Play
There is a a problem when updating the app,3,2026-05-09 13:19:15,Commercial Bank of Ethiopia,Google Play
good,5,2026-05-09 12:45:44,Commercial Bank of Ethiopia,Google Play
good,5,2026-05-09 09:01:42,Commercial Bank of Ethiopia,Google Play
smart app,4,2026-05-08 21:32:18,Commercial Bank of Ethiopia,Google Play
best,5,2026-05-08 17:48:47,Commercial Bank of Ethiopia,Google Play
"Internet Based mobile app for CBEBirr A Internet Based mobile app for CBEBirr. With the new Internet based CBEBirr Mobile App you can make every operations applicable via the USSD version of CBEBirr. This app version is the latest version branded as CBEBirr Plus, CBEBirr+, CBE Birr +, or CBE Birr plus.",1,2026-05-08 16:19:19,Commercial Bank of Ethiopia,Google Play
CBE it's my excellent choice,5,2026-05-08 15:34:15,Commercial Bank of Ethiopia,Google Play
fast and time saving...,5,2026-05-08 09:10:01,Commercial Bank of Ethiopia,Google Play
ok,5,2026-05-08 00:27:31,Commercial Bank of Ethiopia,Google Play
ok,5,2026-05-07 19:59:44,Commercial Bank of Ethiopia,Google Play
yesisgood,5,2026-05-07 19:48:16,Commercial Bank of Ethiopia,Google Play
so good,5,2026-05-07 11:48:09,Commercial Bank of Ethiopia,Google Play
"The app is getting worse and worse after every ""update"". The UI is inconsistent, you haven't fixed the issue with Mpesa wallet transfer ( the ""begin 0, end 1, length 0"" error after ever transfer attempt) ; now the tellbirr transfer raises ""Bucket override O-10094"" error. Test your work FULLY before release.",3,2026-05-07 07:55:21,Commercial Bank of Ethiopia,Google Play
iam happy excellent app,5,2026-05-07 07:23:40,Commercial Bank of Ethiopia,Google Play
is not work properly !!,3,2026-05-06 18:47:27,Commercial Bank of Ethiopia,Google Play
አሪፍ አፕ ነው ገራሚ ሁኖ አግኝቼዋለሁ,5,2026-05-06 11:51:47,Commercial Bank of Ethiopia,Google Play
When I update this app there isn't working,1,2026-05-06 09:19:52,Commercial Bank of Ethiopia,Google Play
thanks you so much 👍 okay I am going to be like in,5,2026-05-05 21:18:12,Commercial Bank of Ethiopia,Google Play
Best ever,1,2026-05-05 20:56:18,Commercial Bank of Ethiopia,Google Play
features በጣም ወድጄዋለሁ ነገር ግን አንድ ችግር አይቼዋለሁ ።APPU DELETE በሆነ ጊዜ ቅርንጫፍ ማመላለሱና MB APPLICATION FORMAT ላይ በየጊዜው መፈረሙ አንድ ለባንኩ ወጪ ነው ሁለት ለደንበኞች Inconvenience ይፈጥራል አስተካክሉ,4,2026-05-05 16:28:22,Commercial Bank of Ethiopia,Google Play
best,5,2026-05-05 13:41:26,Commercial Bank of Ethiopia,Google Play
goood g,5,2026-05-05 09:39:15,Commercial Bank of Ethiopia,Google Play
I like so much,5,2026-05-05 08:32:34,Commercial Bank of Ethiopia,Google Play
This app has never been efficient at all,1,2026-05-04 19:52:28,Commercial Bank of Ethiopia,Google Play
nice app.,5,2026-05-04 18:32:41,Commercial Bank of Ethiopia,Google Play
"While the option to create or cancel standing orders has been added, it is not functional. Similarly, adding a new beneficiary is also not working. Please fix.",2,2026-05-04 17:57:38,Commercial Bank of Ethiopia,Google Play
Wonderful App ❤️❤️❤️ I love it,5,2026-05-04 14:57:45,Commercial Bank of Ethiopia,Google Play
i like it,5,2026-05-04 14:14:57,Commercial Bank of Ethiopia,Google Play
best,4,2026-05-04 11:54:59,Commercial Bank of Ethiopia,Google Play
vary good app,5,2026-05-04 10:26:13,Commercial Bank of Ethiopia,Google Play
good,5,2026-05-04 09:23:45,Commercial Bank of Ethiopia,Google Play
good,5,2026-05-04 04:25:25,Commercial Bank of Ethiopia,Google Play
good,5,2026-05-04 04:16:39,Commercial Bank of Ethiopia,Google Play
nice,5,2026-05-03 19:51:57,Commercial Bank of Ethiopia,Google Play
easy to use but hard to find easily,4,2026-05-03 18:23:16,Commercial Bank of Ethiopia,Google Play
fixed problem,4,2026-05-03 16:35:47,Commercial Bank of Ethiopia,Google Play
በእውነት የሚገርም app ነው ነገሮችን ሁሉ ቀለል ያደርጋል,5,2026-05-03 12:53:27,Commercial Bank of Ethiopia,Google Play
good,5,2026-05-03 11:41:46,Commercial Bank of Ethiopia,Google Play
good,3,2026-05-03 09:57:11,Commercial Bank of Ethiopia,Google Play
best app,5,2026-05-03 07:45:26,Commercial Bank of Ethiopia,Google Play
Good Application,5,2026-05-02 13:47:18,Commercial Bank of Ethiopia,Google Play
Good app,1,2026-05-02 11:03:22,Commercial Bank of Ethiopia,Google Play
መስተካከል አለብት ብዩ አስታየት የም ሰጠው አካውንንት በስም ሲፈለግ mr ብሎ ቀጣይ ስም ለመፃፍ እስፔስም አይፈቅድ ቀጣዩ ፊደልም ሲፃፍ አይፅፍም ይሄ ቢስተካከል ይበልጥ ቀላል የረገዋል ብዩ አስበለው,4,2026-05-02 09:16:17,Commercial Bank of Ethiopia,Google Play
why it alaways asked me to update every second when I log in.,1,2026-05-01 21:31:25,Commercial Bank of Ethiopia,Google Play
pls update my cbe mobile banking,5,2026-05-01 19:59:42,Commercial Bank of Ethiopia,Google Play
good,5,2026-05-01 17:59:06,Commercial Bank of Ethiopia,Google Play
"Easy, secure and user friend",5,2026-05-01 16:25:19,Commercial Bank of Ethiopia,Google Play
nice,5,2026-05-01 14:09:29,Commercial Bank of Ethiopia,Google Play
hiote tegayede,5,2026-05-01 08:13:49,Commercial Bank of Ethiopia,Google Play
misraqe,1,2026-04-30 21:23:07,Commercial Bank of Ethiopia,Google Play
excellent app,5,2026-04-30 18:10:47,Commercial Bank of Ethiopia,Google Play
usefull app,5,2026-04-30 17:23:48,Commercial Bank of Ethiopia,Google Play
nice bank,4,2026-04-30 17:21:05,Commercial Bank of Ethiopia,Google Play
good 👍,5,2026-04-30 16:02:43,Commercial Bank of Ethiopia,Google Play
it's no functional problem,5,2026-04-30 15:29:16,Commercial Bank of Ethiopia,Google Play
Tamam Yunus Guddata,5,2026-04-30 13:13:11,Commercial Bank of Ethiopia,Google Play
good,5,2026-04-30 12:29:19,Commercial Bank of Ethiopia,Google Play
It's not working after the update it doesn't open at all,1,2026-04-30 10:29:38,Commercial Bank of Ethiopia,Google Play
nice,5,2026-04-29 21:09:51,Commercial Bank of Ethiopia,Google Play
excellent app,5,2026-04-29 20:46:24,Commercial Bank of Ethiopia,Google Play
Good,5,2026-04-29 17:07:08,Commercial Bank of Ethiopia,Google Play
CBE not compare to others,5,2026-04-29 16:12:49,Commercial Bank of Ethiopia,Google Play
good,5,2026-04-29 15:07:16,Commercial Bank of Ethiopia,Google Play
good,3,2026-04-29 13:30:44,Commercial Bank of Ethiopia,Google Play
nice app thanks,5,2026-04-29 12:37:58,Commercial Bank of Ethiopia,Google Play
Great,5,2026-04-29 11:01:59,Commercial Bank of Ethiopia,Google Play
good service,5,2026-04-29 10:37:42,Commercial Bank of Ethiopia,Google Play
"It is so good,and easy to use.",5,2026-04-28 23:51:54,Commercial Bank of Ethiopia,Google Play
great app,5,2026-04-28 22:45:13,Commercial Bank of Ethiopia,Google Play
update is not downgrade. its literally not working,1,2026-04-28 19:30:29,Commercial Bank of Ethiopia,Google Play
Please consider optimizing the app for Huawei Mobile Services (HMS). It doesn't work after the update.,1,2026-04-28 19:02:43,Commercial Bank of Ethiopia,Google Play
please use the cute ui as a professional developer,3,2026-04-28 15:56:23,Commercial Bank of Ethiopia,Google Play
Daily Of the day Transfer Limit Restriction If there wasn't If it didn't have Very Extremely Happy We would be.,4,2026-04-28 15:48:50,Commercial Bank of Ethiopia,Google Play
best,5,2026-04-28 14:38:32,Commercial Bank of Ethiopia,Google Play
Amazing,5,2026-04-28 13:10:01,Commercial Bank of Ethiopia,Google Play
it's better than before,4,2026-04-28 11:38:40,Commercial Bank of Ethiopia,Google Play
worst apk for a big bank,1,2026-04-28 11:37:56,Commercial Bank of Ethiopia,Google Play
doesn't work properly with safaricom network.,1,2026-04-28 11:33:28,Commercial Bank of Ethiopia,Google Play
"The app forcefully made me an update, since then every time I try to make a payment it keeps bugging and failing non stop. please fix that . this is a big company not a start up .",1,2026-04-28 10:19:05,Commercial Bank of Ethiopia,Google Play
good,5,2026-04-28 09:21:52,Commercial Bank of Ethiopia,Google Play
I found that when i am using safaricom network the app keeps crashing a lot and not working and as soon as i change the network it will work smoothly so make is a lot compatible with the safaricom network service.,3,2026-04-28 08:26:56,Commercial Bank of Ethiopia,Google Play
go ahead,5,2026-04-28 08:05:36,Commercial Bank of Ethiopia,Google Play
nice,5,2026-04-27 22:14:49,Commercial Bank of Ethiopia,Google Play
i like it,5,2026-04-27 15:26:02,Commercial Bank of Ethiopia,Google Play
ok,5,2026-04-27 15:24:04,Commercial Bank of Ethiopia,Google Play
ok,5,2026-04-27 14:26:02,Commercial Bank of Ethiopia,Google Play
Good,5,2026-04-27 13:06:10,Commercial Bank of Ethiopia,Google Play
cbe mobile app best app,5,2026-04-27 12:10:50,Commercial Bank of Ethiopia,Google Play
"easy for use,and good privacy",4,2026-04-27 11:53:50,Commercial Bank of Ethiopia,Google Play
amazing,5,2026-04-27 11:44:24,Commercial Bank of Ethiopia,Google Play
i really judged this app. 99% were profit exclusive for others only with organization benefit.,1,2026-04-27 11:34:11,Commercial Bank of Ethiopia,Google Play
unable to use it is not performed well,1,2026-04-27 09:39:32,Commercial Bank of Ethiopia,Google Play
ወከቀቀ,5,2026-04-26 22:11:13,Commercial Bank of Ethiopia,Google Play
Nice,5,2026-04-26 20:48:05,Commercial Bank of Ethiopia,Google Play
This app is very good and helpful I am Happy working with cbe mobile banking tanx all members and I am ready invite all my family and friends ❤️,5,2026-04-26 20:18:05,Commercial Bank of Ethiopia,Google Play
Samsung A-5360 is not my device and i did not opened by this,5,2026-04-26 20:18:01,Commercial Bank of Ethiopia,Google Play
notwork totransferto other,1,2026-04-26 17:14:38,Commercial Bank of Ethiopia,Google Play
good,5,2026-04-26 13:54:07,Commercial Bank of Ethiopia,Google Play
የCommercial Bank of Ethiopia ሞባይል ባንኪንግ አገልግሎት በአጠቃላይ ጠቃሚ ነው፣ ግን አንድ ችግር አጋጥሞኛል። የሂሳብ ቁጥር በምናስገባበት ሳጥን ላይ “Mr” ወይም “Mrs” ከሚለው ቀጥሎ ያለውን ስም ለማስገባት ስፔስ (space) መጠቀም አይቻልም። ይህ ተጠቃሚዎችን ስም ትክክለኛ ለማስገባት እንዲቸገሩ ያደርጋል። እባክዎ በዚህ ክፍል ስፔስ መጠቀም እንዲቻል ወይም የስም መሙያ ስርዓቱን እንዲሻሻል ቢያደርጉ በጣም ጥሩ ይሆናል።,4,2026-04-26 11:00:34,Commercial Bank of Ethiopia,Google Play
🫶👍🙏,5,2026-04-26 10:39:10,Commercial Bank of Ethiopia,Google Play
ok,5,2026-04-26 10:13:34,Commercial Bank of Ethiopia,Google Play
good,5,2026-04-25 21:51:53,Commercial Bank of Ethiopia,Google Play
I am very comfortable because we can easily access various transfer services that we used to have to go to the bank.,5,2026-04-25 19:36:33,Commercial Bank of Ethiopia,Google Play
ok,5,2026-04-25 19:13:31,Commercial Bank of Ethiopia,Google Play
good app,5,2026-04-25 19:02:07,Commercial Bank of Ethiopia,Google Play
i am so happy,5,2026-04-25 18:50:18,Commercial Bank of Ethiopia,Google Play
good,5,2026-04-25 18:39:44,Commercial Bank of Ethiopia,Google Play
The recent update is trash. I couldn't refresh the page. It's not even trying to sync. Please fix the bug and release a clean version.,1,2026-04-25 15:00:10,Commercial Bank of Ethiopia,Google Play
good job,5,2026-04-25 14:51:23,Commercial Bank of Ethiopia,Google Play
I'm from Ethiopia and proud of CBE service app.,5,2026-04-25 14:42:52,Commercial Bank of Ethiopia,Google Play
I am successful with app,5,2026-04-25 14:32:26,Commercial Bank of Ethiopia,Google Play
everything is boaring the previous one is good,1,2026-04-25 11:57:36,Commercial Bank of Ethiopia,Google Play
best,5,2026-04-25 11:01:49,Commercial Bank of Ethiopia,Google Play
good,5,2026-04-24 22:32:23,Commercial Bank of Ethiopia,Google Play
good app but it needs more languages do it with more than four languages,5,2026-04-24 20:58:16,Commercial Bank of Ethiopia,Google Play
good work,5,2026-04-24 18:52:56,Commercial Bank of Ethiopia,Google Play
ok,5,2026-04-24 18:42:39,Commercial Bank of Ethiopia,Google Play
wow app.The developers make improvements every time.,5,2026-04-24 17:24:16,Commercial Bank of Ethiopia,Google Play
nice and perfect,5,2026-04-24 16:06:27,Commercial Bank of Ethiopia,Google Play
best experience,5,2026-04-24 13:37:51,Commercial Bank of Ethiopia,Google Play
the best,5,2026-04-24 13:27:25,Commercial Bank of Ethiopia,Google Play
What's wrong after i update the app unable to open,1,2026-04-24 13:05:07,Commercial Bank of Ethiopia,Google Play
nice,5,2026-04-24 11:34:30,Commercial Bank of Ethiopia,Google Play
👍👍it is good. pls Hide the amount that appear on the top when we need to transfer🙏,1,2026-04-24 09:37:05,Commercial Bank of Ethiopia,Google Play
not sure at the moment,3,2026-04-24 09:21:55,Commercial Bank of Ethiopia,Google Play
Good,5,2026-04-24 09:16:00,Commercial Bank of Ethiopia,Google Play
it's the best app i have every seen it is fast and securty,5,2026-04-24 08:41:27,Commercial Bank of Ethiopia,Google Play
Useful apps,5,2026-04-24 08:30:45,Commercial Bank of Ethiopia,Google Play
easy to use,5,2026-04-24 08:22:18,Commercial Bank of Ethiopia,Google Play
waw,4,2026-04-24 07:39:39,Commercial Bank of Ethiopia,Google Play
"This app used to work well, but now it constantly shows an error saying it can’t load my accounts and tells me to visit a branch. I’m not even in the country, so that’s not possible. The app has frequent issues and needs better reliability and remote support options.",2,2026-04-24 04:49:52,Commercial Bank of Ethiopia,Google Play
Very good,5,2026-04-23 23:08:26,Commercial Bank of Ethiopia,Google Play
አዲሱ ገጽታው በጣም ያስጠላል። ለአይን ይከብዳል። ወደነበረበት ብትመልሱት።,1,2026-04-23 22:04:48,Commercial Bank of Ethiopia,Google Play
I like it but sometimes there is a system error,4,2026-04-23 21:44:07,Commercial Bank of Ethiopia,Google Play
good,5,2026-04-23 19:00:48,Commercial Bank of Ethiopia,Google Play
"the app keeps asking for update, even after being updated",3,2026-04-23 18:12:14,Commercial Bank of Ethiopia,Google Play
"This application was not that great, and its performance has unfortunately declined further. For the past week, I have been unable to access my balance or transfer funds. This situation is causing considerable concern and inconvenience, as I cannot access my money in a timely manner. This has resulted in late payments and a loss of confidence and trust. Furthermore, I have not received a response to my message to the customer support team",1,2026-04-23 16:58:41,Commercial Bank of Ethiopia,Google Play
good,5,2026-04-23 16:00:39,Commercial Bank of Ethiopia,Google Play
like,5,2026-04-23 15:56:17,Commercial Bank of Ethiopia,Google Play
Good !,3,2026-04-23 12:58:14,Commercial Bank of Ethiopia,Google Play
good,5,2026-04-23 12:35:00,Commercial Bank of Ethiopia,Google Play
good,5,2026-04-23 11:28:38,Commercial Bank of Ethiopia,Google Play
very good cbe app,5,2026-04-23 10:23:54,Commercial Bank of Ethiopia,Google Play
tel birr,5,2026-04-23 10:09:16,Commercial Bank of Ethiopia,Google Play
halaba kuleto,5,2026-04-23 07:52:30,Commercial Bank of Ethiopia,Google Play
best app ever,5,2026-04-23 01:16:07,Commercial Bank of Ethiopia,Google Play
it's good app for ease of access mobile banking transaction and use our time properly!,5,2026-04-22 23:03:39,Commercial Bank of Ethiopia,Google Play
"pls make an option fingerprint Biometric payment only, it's fast and secure to pay",4,2026-04-22 22:25:35,Commercial Bank of Ethiopia,Google Play
በጣም ቀላልና ፈጣን ለመጠቀም ወድጀዋለሁ,5,2026-04-22 21:54:37,Commercial Bank of Ethiopia,Google Play
I love this up to much eollahi,5,2026-04-22 21:07:55,Commercial Bank of Ethiopia,Google Play
I hope this bank have excellent Mobile app but still not easy and not working in holidays why,4,2026-04-22 20:49:07,Commercial Bank of Ethiopia,Google Play
best,5,2026-04-22 20:17:56,Commercial Bank of Ethiopia,Google Play
"It's a great, easy-to-use, very convenient and secure app.",5,2026-04-22 20:08:14,Commercial Bank of Ethiopia,Google Play
Good Job,5,2026-04-22 19:47:48,Commercial Bank of Ethiopia,Google Play
best,5,2026-04-22 19:44:16,Commercial Bank of Ethiopia,Google Play
Best app.,5,2026-04-22 19:38:52,Commercial Bank of Ethiopia,Google Play
it's so use full and secure 👍💪👌,5,2026-04-22 18:40:19,Commercial Bank of Ethiopia,Google Play
"there should be atm voucher access included , and also the app crash sometimes .",1,2026-04-22 17:11:41,Commercial Bank of Ethiopia,Google Play
ok,1,2026-04-22 16:41:29,Commercial Bank of Ethiopia,Google Play
"The app has some issues we need to have a place where we save our contacts where we usually send money to, after update I keep loosing all the important accounts.Also user needs to configure their notification types we want to receive either by email ,SMS or both. right now I don't get any notifications when I receive funds from companies.",1,2026-04-22 16:29:05,Commercial Bank of Ethiopia,Google Play
after the the recent update the app not responding. even transfer to telebirr isn't working.,1,2026-04-22 16:24:47,Commercial Bank of Ethiopia,Google Play
Need more additional future include for now it's not bad,1,2026-04-22 15:17:37,Commercial Bank of Ethiopia,Google Play
I don't like. I can't make transfer to my own telebirr,1,2026-04-22 15:17:31,Commercial Bank of Ethiopia,Google Play
lag and stack not quick response 😞😞,2,2026-04-22 14:49:47,Commercial Bank of Ethiopia,Google Play
it good. to get services,5,2026-04-22 14:41:37,Commercial Bank of Ethiopia,Google Play
good,5,2026-04-22 14:33:44,Commercial Bank of Ethiopia,Google Play
Number One App,5,2026-04-22 11:04:12,Commercial Bank of Ethiopia,Google Play
is good,5,2026-04-22 10:41:08,Commercial Bank of Ethiopia,Google Play
ok,5,2026-04-22 10:28:03,Commercial Bank of Ethiopia,Google Play
this secure app of all Ethiopia mobile banking ever.,5,2026-04-22 10:27:38,Commercial Bank of Ethiopia,Google Play
perfect app,5,2026-04-22 09:16:30,Commercial Bank of Ethiopia,Google Play
owww cbe,5,2026-04-22 08:41:42,Commercial Bank of Ethiopia,Google Play
"Very secured, fast and favourable",5,2026-04-22 07:56:52,Commercial Bank of Ethiopia,Google Play
best,5,2026-04-22 02:35:15,Commercial Bank of Ethiopia,Google Play
very nice 👌,5,2026-04-21 23:59:01,Commercial Bank of Ethiopia,Google Play
اليش يتعخر معرف والله,5,2026-04-21 22:56:11,Commercial Bank of Ethiopia,Google Play
good application 💯💯💯.,5,2026-04-21 22:48:25,Commercial Bank of Ethiopia,Google Play
best,5,2026-04-21 22:13:11,Commercial Bank of Ethiopia,Google Play
ok,5,2026-04-21 22:05:02,Commercial Bank of Ethiopia,Google Play
good app,5,2026-04-21 20:11:23,Commercial Bank of Ethiopia,Google Play
good,4,2026-04-21 20:06:57,Commercial Bank of Ethiopia,Google Play
Nice App,5,2026-04-21 20:04:29,Commercial Bank of Ethiopia,Google Play
it cost us a lot just by transfer and in other way not fair,1,2026-04-21 18:44:58,Commercial Bank of Ethiopia,Google Play
Great app,5,2026-04-21 16:14:15,Commercial Bank of Ethiopia,Google Play
Interesting app,5,2026-04-21 16:11:13,Commercial Bank of Ethiopia,Google Play
ok,5,2026-04-21 15:23:13,Commercial Bank of Ethiopia,Google Play
"i didn't get feed back through message ,Why so?",5,2026-04-21 14:52:26,Commercial Bank of Ethiopia,Google Play
good and fast,5,2026-04-21 09:31:29,Commercial Bank of Ethiopia,Google Play
"v, good",5,2026-04-21 07:42:52,Commercial Bank of Ethiopia,Google Play
very bad experience as its very slow,1,2026-04-20 20:29:28,Commercial Bank of Ethiopia,Google Play
i luv it,5,2026-04-20 16:10:15,Commercial Bank of Ethiopia,Google Play
Good&fast,5,2026-04-20 12:37:59,Commercial Bank of Ethiopia,Google Play
good,5,2026-04-20 07:10:00,Commercial Bank of Ethiopia,Google Play
good,5,2026-04-19 20:17:32,Commercial Bank of Ethiopia,Google Play
የጣት አሻራ አገልግሎት አላገኘሁም። አጠቃቀሙ ጠፍቶኝ ይሆን?,4,2026-04-19 15:26:41,Commercial Bank of Ethiopia,Google Play
good,4,2026-04-19 14:52:00,Commercial Bank of Ethiopia,Google Play
Rtgs limit very small,3,2026-04-19 11:16:51,Commercial Bank of Ethiopia,Google Play
"Trasaction history not sorted in time basis, besides the hilight transaction and its details which is found by clicking the highht transaction are diffrent. Generally, the tansaction history page has a critical problem",3,2026-04-19 10:38:06,Commercial Bank of Ethiopia,Google Play
good job,5,2026-04-19 08:50:38,Commercial Bank of Ethiopia,Google Play
best bank for Android application form market place and key number,5,2026-04-19 08:08:46,Commercial Bank of Ethiopia,Google Play
i like cbe service,5,2026-04-19 01:51:02,Commercial Bank of Ethiopia,Google Play
አሪፍ ነው,4,2026-04-18 15:26:54,Commercial Bank of Ethiopia,Google Play
it is the best application in the Ethiopia I like it this,5,2026-04-18 14:31:25,Commercial Bank of Ethiopia,Google Play
super spp,5,2026-04-18 12:31:47,Commercial Bank of Ethiopia,Google Play
I have 1 year and thank you for yo ur genuine service,5,2026-04-18 12:02:09,Commercial Bank of Ethiopia,Google Play
ካየህዋቸው ተመሳሳይ መተግበርያዎች በጣም ጥሩ መተግበርያ ነው,4,2026-04-18 10:52:29,Commercial Bank of Ethiopia,Google Play
excellent,5,2026-04-18 09:47:20,Commercial Bank of Ethiopia,Google Play
Excellent,5,2026-04-18 02:18:01,Commercial Bank of Ethiopia,Google Play
"im having a terrible experience with this app, im getting 'unable to connect' error, this happened for a while now and they didnt fix it, it is so unreliable in times i need it that i have to resort to using ussd code instead of it. please fix this issue",1,2026-04-17 22:24:20,Commercial Bank of Ethiopia,Google Play
Absolute garbage,1,2026-04-17 14:58:36,Commercial Bank of Ethiopia,Google Play
CBE does not offer anything international.,3,2026-04-17 14:28:43,Commercial Bank of Ethiopia,Google Play
korsa,5,2026-04-17 02:01:43,Commercial Bank of Ethiopia,Google Play
its good,5,2026-04-17 00:39:56,Commercial Bank of Ethiopia,Google Play
very nice app,5,2026-04-16 21:52:11,Commercial Bank of Ethiopia,Google Play
nice app,5,2026-04-16 17:27:15,Commercial Bank of Ethiopia,Google Play
ok,5,2026-04-16 17:08:49,Commercial Bank of Ethiopia,Google Play
nice app,5,2026-04-16 17:08:13,Commercial Bank of Ethiopia,Google Play
it looks fantasy,5,2026-04-16 16:02:24,Commercial Bank of Ethiopia,Google Play
it's best app to use recently and upgraded day to day for internationalization,5,2026-04-16 14:57:50,Commercial Bank of Ethiopia,Google Play
it is more convenient app,5,2026-04-16 12:15:19,Commercial Bank of Ethiopia,Google Play
gooooodddd.....,5,2026-04-15 22:49:05,Commercial Bank of Ethiopia,Google Play
This is app is not fast and not working well in all android phone. eg it is not functioning well using one plus phone.,1,2026-04-15 19:45:49,Commercial Bank of Ethiopia,Google Play
Factory reset made me to lose my pin to login to my account!,5,2026-04-15 19:19:51,Commercial Bank of Ethiopia,Google Play
keeps on saying bucket override when I try to pay henon school fee,2,2026-04-15 18:41:26,Commercial Bank of Ethiopia,Google Play
"life longe bank CBE , Save & change your life.",5,2026-04-15 17:03:28,Commercial Bank of Ethiopia,Google Play
ok,5,2026-04-15 14:34:40,Commercial Bank of Ethiopia,Google Play
good,5,2026-04-15 12:15:27,Commercial Bank of Ethiopia,Google Play
does not working well,5,2026-04-15 09:47:27,Commercial Bank of Ethiopia,Google Play
it's v good app sometimes there is a problem on other bank transfers,4,2026-04-15 07:50:27,Commercial Bank of Ethiopia,Google Play
pls speedup for quick uses,5,2026-04-14 18:08:30,Commercial Bank of Ethiopia,Google Play
"before, it was nice. now it does not work and crash automatically",2,2026-04-14 13:25:34,Commercial Bank of Ethiopia,Google Play
Pls facilitate transfer to telebirr agent,3,2026-04-14 11:40:30,Commercial Bank of Ethiopia,Google Play
sestemaa siresun osoo manaa banki hindemne namnii barbade national id isa fayadamee osoo banachun danda'ame bayye nammati tola live event qabate,3,2026-04-13 22:57:32,Commercial Bank of Ethiopia,Google Play
I customer for commercial bank of Ethiopia I trade,5,2026-04-13 21:25:09,Commercial Bank of Ethiopia,Google Play
it's has an issue,1,2026-04-13 13:54:19,Commercial Bank of Ethiopia,Google Play
good,5,2026-04-13 12:15:37,Commercial Bank of Ethiopia,Google Play
nice,5,2026-04-13 10:56:21,Commercial Bank of Ethiopia,Google Play
accessibility need to be taken seriously. There are people excluded because of inaccessible apps.,3,2026-04-13 04:21:53,Commercial Bank of Ethiopia,Google Play
"This application was not that great, and its performance has unfortunately declined further. For the past week, I have been unable to access my balance or transfer funds. This situation is causing considerable concern and inconvenience, as I cannot access my money in a timely manner. This has resulted in late payments and a loss of confidence and trust. Furthermore, I have not received a response to my message to the customer support team.",1,2026-04-12 18:10:48,Commercial Bank of Ethiopia,Google Play
🤙,5,2026-04-12 04:34:57,Commercial Bank of Ethiopia,Google Play
I can't download this app please assist how it can be downloaded,1,2026-04-12 02:30:52,Commercial Bank of Ethiopia,Google Play
"my favorite so far, but, how come we are not able to download the app and fix our problem ourselves? it is not fair to go to the bank and fix it for you? please think about it. Thank you",5,2026-04-11 23:03:49,Commercial Bank of Ethiopia,Google Play
lulit tukka giro,5,2026-04-11 19:44:20,Commercial Bank of Ethiopia,Google Play
Enough good even it hasn't transferring for other telebirr users,5,2026-04-11 16:08:36,Commercial Bank of Ethiopia,Google Play
not good not bad.,3,2026-04-11 13:52:50,Commercial Bank of Ethiopia,Google Play
easy fast helpful for our business,5,2026-04-11 12:25:06,Commercial Bank of Ethiopia,Google Play
good,5,2026-04-11 11:54:03,Commercial Bank of Ethiopia,Google Play
good,5,2026-04-11 11:18:28,Commercial Bank of Ethiopia,Google Play
bad strresing,1,2026-04-11 08:35:27,Commercial Bank of Ethiopia,Google Play
cool,5,2026-04-11 07:48:06,Commercial Bank of Ethiopia,Google Play
100%100 Fast and Amazing app !! 🏆🏆🏆🏆🏆🏆🏆🏆 💞🌷🇪🇹,5,2026-04-10 22:14:08,Commercial Bank of Ethiopia,Google Play
Not that happy at this app,3,2026-04-10 17:57:34,Commercial Bank of Ethiopia,Google Play
Best,5,2026-04-10 15:54:54,Commercial Bank of Ethiopia,Google Play
crush alot,1,2026-04-10 10:42:13,Commercial Bank of Ethiopia,Google Play
itii fayadamaa namaa fayadaa kuniin,5,2026-04-10 01:28:52,Commercial Bank of Ethiopia,Google Play
good app,5,2026-04-09 21:30:15,Commercial Bank of Ethiopia,Google Play
good,5,2026-04-09 19:58:12,Commercial Bank of Ethiopia,Google Play
Musxafaa,5,2026-04-09 18:03:22,Commercial Bank of Ethiopia,Google Play
good,5,2026-04-09 17:57:06,Commercial Bank of Ethiopia,Google Play
well expriences,5,2026-04-09 14:56:14,Commercial Bank of Ethiopia,Google Play
good,5,2026-04-09 12:53:37,Commercial Bank of Ethiopia,Google Play
great 👍,5,2026-04-09 12:01:22,Commercial Bank of Ethiopia,Google Play
I had good time with CBE,5,2026-04-09 09:44:53,Commercial Bank of Ethiopia,Google Play
crashes every time you need to update this app ASAP.. i will be changing bank if tjis continues,1,2026-04-09 06:55:06,Commercial Bank of Ethiopia,Google Play
Good,5,2026-04-09 04:00:29,Commercial Bank of Ethiopia,Google Play
easy and fast,5,2026-04-08 22:38:22,Commercial Bank of Ethiopia,Google Play
very nice,5,2026-04-08 21:34:27,Commercial Bank of Ethiopia,Google Play
its good,5,2026-04-08 15:56:43,Commercial Bank of Ethiopia,Google Play
this app is very good,5,2026-04-08 15:22:52,Commercial Bank of Ethiopia,Google Play
በጣም ጥሩ ነው,4,2026-04-08 10:33:43,Commercial Bank of Ethiopia,Google Play
deduction but no transaction. not good,3,2026-04-08 05:01:21,Commercial Bank of Ethiopia,Google Play
Easy to use and reliable.,5,2026-04-07 23:30:53,Commercial Bank of Ethiopia,Google Play
difficult to see our transactions after aweek,1,2026-04-07 18:46:09,Commercial Bank of Ethiopia,Google Play
👍👍,5,2026-04-07 16:35:50,Commercial Bank of Ethiopia,Google Play
nice,1,2026-04-07 15:28:10,Commercial Bank of Ethiopia,Google Play
Good bank,5,2026-04-07 12:26:56,Commercial Bank of Ethiopia,Google Play
swift,5,2026-04-07 07:26:17,Commercial Bank of Ethiopia,Google Play
best,5,2026-04-07 06:13:01,Commercial Bank of Ethiopia,Google Play
it is wel,5,2026-04-07 01:42:13,Commercial Bank of Ethiopia,Google Play
nice,4,2026-04-06 20:59:39,Commercial Bank of Ethiopia,Google Play
fully functional greate application it makes payment and transaction easier,5,2026-04-06 16:29:20,Commercial Bank of Ethiopia,Google Play
it's best for everyone,5,2026-04-06 13:56:01,Commercial Bank of Ethiopia,Google Play
good,5,2026-04-06 12:55:58,Commercial Bank of Ethiopia,Google Play
good jobs,5,2026-04-06 12:47:57,Commercial Bank of Ethiopia,Google Play
am happy using it.But why does it need continuous updates?,5,2026-04-06 10:30:35,Commercial Bank of Ethiopia,Google Play
Good job,5,2026-04-06 04:20:55,Commercial Bank of Ethiopia,Google Play
good,5,2026-04-05 19:55:30,Commercial Bank of Ethiopia,Google Play
good,3,2026-04-05 16:07:14,Commercial Bank of Ethiopia,Google Play
wow,5,2026-04-05 13:31:11,Commercial Bank of Ethiopia,Google Play
good 👍,5,2026-04-05 11:52:22,Commercial Bank of Ethiopia,Google Play
Thank you for your service.,1,2026-04-05 09:58:06,Commercial Bank of Ethiopia,Google Play
nice,5,2026-04-05 02:51:27,Commercial Bank of Ethiopia,Google Play
WOW!,4,2026-04-04 23:44:17,Commercial Bank of Ethiopia,Google Play
i have more experience,5,2026-04-04 22:37:05,Commercial Bank of Ethiopia,Google Play
good,5,2026-04-04 20:53:55,Commercial Bank of Ethiopia,Google Play
i like this app,5,2026-04-04 20:14:18,Commercial Bank of Ethiopia,Google Play
I love this app,5,2026-04-04 15:41:43,Commercial Bank of Ethiopia,Google Play
it is not working,1,2026-04-04 13:13:10,Commercial Bank of Ethiopia,Google Play
the app freezes sometimes and crashing,1,2026-04-04 11:47:31,Commercial Bank of Ethiopia,Google Play
for active payment it's number one chose,5,2026-04-04 10:46:15,Commercial Bank of Ethiopia,Google Play
"What a nasty Update is this !. May I say 'Events cast their shadow before happenings'. Trust, value, Bank's 'n' Customers' financial property, such like things, at risk once again(the State owned Bank experienced some months ago due to app development issues or some other unknown reasons. Unable to see my own current balance due to a hidden page being displayed, stacked transaction history since March 26th, among others. Is that a Banking app being developed by Professionals ?.",1,2026-04-04 06:46:57,Commercial Bank of Ethiopia,Google Play
Very good Service provider bank,5,2026-04-04 02:20:03,Commercial Bank of Ethiopia,Google Play
nice app keep it up🤝🤝,5,2026-04-03 21:26:08,Commercial Bank of Ethiopia,Google Play
very much for your information 👋,5,2026-04-03 19:47:13,Commercial Bank of Ethiopia,Google Play
bad👎,1,2026-04-03 17:27:53,Commercial Bank of Ethiopia,Google Play
so nice to me,5,2026-04-03 08:00:59,Commercial Bank of Ethiopia,Google Play
best,5,2026-04-02 22:30:37,Commercial Bank of Ethiopia,Google Play
good update,5,2026-04-02 21:59:06,Commercial Bank of Ethiopia,Google Play
It's a good improvement. the app,5,2026-04-02 20:13:56,Commercial Bank of Ethiopia,Google Play
good,5,2026-04-02 19:46:12,Commercial Bank of Ethiopia,Google Play
Excellent,5,2026-04-02 18:27:30,Commercial Bank of Ethiopia,Google Play
ok,5,2026-04-02 15:00:51,Commercial Bank of Ethiopia,Google Play
best,5,2026-04-02 10:47:05,Commercial Bank of Ethiopia,Google Play
"This app is very unreliable—slow, frequently crashes, and fails to sync properly. Transactions don’t reflect accurately; I transferred money that was deducted but never received, with no record in recent activity. It often stops working and takes too long to update. Reinstalling doesn’t help. You even have to visit a branch for it to start working, which is unacceptable today. The problem is even worse outside Ethiopia.",1,2026-04-02 06:19:50,Commercial Bank of Ethiopia,Google Play
not working,5,2026-04-01 23:56:36,Commercial Bank of Ethiopia,Google Play
it's fast and easy nice,5,2026-04-01 22:38:45,Commercial Bank of Ethiopia,Google Play
Good,1,2026-04-01 18:34:55,Commercial Bank of Ethiopia,Google Play
girms,5,2026-04-01 16:26:07,Commercial Bank of Ethiopia,Google Play
"this platform is very useful for exchanging payment ,than *889#(it's slower ).🙏🙏",5,2026-04-01 15:15:10,Commercial Bank of Ethiopia,Google Play
best,5,2026-04-01 13:52:50,Commercial Bank of Ethiopia,Google Play
Good app,5,2026-03-31 19:56:05,Commercial Bank of Ethiopia,Google Play
very excellent application the number one bank of Ethiopia thanks,5,2026-03-31 19:25:17,Commercial Bank of Ethiopia,Google Play
I can't use the app months ago. It stopped working with Mobile data and WiFi. I didn't know the cause. Why this app is not compatible with Android 8?,3,2026-03-31 19:18:25,Commercial Bank of Ethiopia,Google Play
not working,3,2026-03-31 19:04:32,Commercial Bank of Ethiopia,Google Play
"very nice app, but charge more.",5,2026-03-31 12:20:08,Commercial Bank of Ethiopia,Google Play
Why mobile Banking is not functional?,2,2026-03-31 10:35:43,Commercial Bank of Ethiopia,Google Play
does this app support international transactions,3,2026-03-31 08:57:40,Commercial Bank of Ethiopia,Google Play
i use CBE almost more than 5 years,3,2026-03-30 22:39:12,Commercial Bank of Ethiopia,Google Play
this app essential app on this time,5,2026-03-30 21:30:47,Commercial Bank of Ethiopia,Google Play
"After update not working at all, I live in abroad.",1,2026-03-30 20:25:27,Commercial Bank of Ethiopia,Google Play
best app,5,2026-03-30 19:53:24,Commercial Bank of Ethiopia,Google Play
nice,1,2026-03-30 18:31:29,Commercial Bank of Ethiopia,Google Play
it is not well functional. It always sluggish and poor application. n Not interested because always straggling .,1,2026-03-30 17:19:52,Commercial Bank of Ethiopia,Google Play
best bank ever,5,2026-03-30 15:14:12,Commercial Bank of Ethiopia,Google Play
Pleas allow self service on Mobile banking.,5,2026-03-29 16:43:45,Commercial Bank of Ethiopia,Google Play
saved transactions doesn't work properly it doesn't show transactions before a month only shows recent transactions even after I set filter date range,1,2026-03-29 13:03:47,Commercial Bank of Ethiopia,Google Play
good,5,2026-03-29 07:40:03,Commercial Bank of Ethiopia,Google Play
easygoing & Convenient to use.,5,2026-03-29 05:46:05,Commercial Bank of Ethiopia,Google Play
Thank you,5,2026-03-28 18:52:04,Commercial Bank of Ethiopia,Google Play
good,5,2026-03-28 18:37:19,Commercial Bank of Ethiopia,Google Play
nice,5,2026-03-28 15:33:57,Commercial Bank of Ethiopia,Google Play
excellent,5,2026-03-28 12:49:39,Commercial Bank of Ethiopia,Google Play
It charges high amount of service charge.,1,2026-03-28 10:24:24,Commercial Bank of Ethiopia,Google Play
best,5,2026-03-28 08:41:02,Commercial Bank of Ethiopia,Google Play
good,5,2026-03-27 23:15:13,Commercial Bank of Ethiopia,Google Play
melkam new,4,2026-03-27 23:03:00,Commercial Bank of Ethiopia,Google Play
Very good service all times,5,2026-03-25 20:24:13,Commercial Bank of Ethiopia,Google Play
ohh very useful and easy for use,5,2026-03-25 18:29:06,Commercial Bank of Ethiopia,Google Play
wow,5,2026-03-25 15:06:54,Commercial Bank of Ethiopia,Google Play
good application,5,2026-03-25 10:24:49,Commercial Bank of Ethiopia,Google Play
good,5,2026-03-25 07:28:56,Commercial Bank of Ethiopia,Google Play
its good,5,2026-03-24 20:06:23,Commercial Bank of Ethiopia,Google Play
so nice,5,2026-03-24 17:27:29,Commercial Bank of Ethiopia,Google Play
it nice and fast but usually it bad the connection by 4g network it still bad,4,2026-03-24 10:34:37,Commercial Bank of Ethiopia,Google Play
not work app,5,2026-03-23 20:36:54,Commercial Bank of Ethiopia,Google Play
nice App,5,2026-03-22 16:07:25,Commercial Bank of Ethiopia,Google Play
CBE is my beast one for any transactions,5,2026-03-22 08:13:29,Commercial Bank of Ethiopia,Google Play
very good,5,2026-03-22 04:10:40,Commercial Bank of Ethiopia,Google Play
I Am Proud Of CBE Period!!!,5,2026-03-22 02:07:15,Commercial Bank of Ethiopia,Google Play
digital banking,5,2026-03-21 18:50:19,Commercial Bank of Ethiopia,Google Play
it is very good service you are giving,5,2026-03-21 18:48:37,Commercial Bank of Ethiopia,Google Play
ps fast and easy,5,2026-03-21 11:52:38,Commercial Bank of Ethiopia,Google Play
nice app for me,3,2026-03-21 10:46:43,Commercial Bank of Ethiopia,Google Play
vibe,4,2026-03-21 07:29:29,Commercial Bank of Ethiopia,Google Play
Tajajilli keessan dubati Hafadha አገልግሎታችሁን ዱባቲ ሀፋድህን አቆይ Your service will stay behind,1,2026-03-21 06:20:22,Commercial Bank of Ethiopia,Google Play
ገላግሌ ብየዋለው ጥድት ያለ አፕ,5,2026-03-20 20:37:02,Commercial Bank of Ethiopia,Google Play
best app i like it,5,2026-03-20 19:45:41,Commercial Bank of Ethiopia,Google Play
it is really very poor application. i've ever experienced.,1,2026-03-20 12:31:44,Commercial Bank of Ethiopia,Google Play
wow ✌️,5,2026-03-19 18:53:32,Commercial Bank of Ethiopia,Google Play
EASY & SIMLPE TO MANIPULATE. COGRATS !!,4,2026-03-19 15:50:11,Commercial Bank of Ethiopia,Google Play
zewediesh,4,2026-03-19 14:46:03,Commercial Bank of Ethiopia,Google Play
nice app,4,2026-03-19 09:30:25,Commercial Bank of Ethiopia,Google Play
Perfect App,5,2026-03-19 08:54:30,Commercial Bank of Ethiopia,Google Play
🆗 g,5,2026-03-19 07:32:51,Commercial Bank of Ethiopia,Google Play
the best app of mobile banking,5,2026-03-18 23:15:52,Commercial Bank of Ethiopia,Google Play
ዝም ብሉ ይዞራል 😡😡😡,3,2026-03-18 17:12:23,Commercial Bank of Ethiopia,Google Play
the bank You can always relay on!,5,2026-03-18 14:38:10,Commercial Bank of Ethiopia,Google Play
good,1,2026-03-18 14:35:05,Commercial Bank of Ethiopia,Google Play
ok,5,2026-03-18 12:26:40,Commercial Bank of Ethiopia,Google Play
good,5,2026-03-18 05:35:03,Commercial Bank of Ethiopia,Google Play
"Why does this welcome notification appear every time the app is opened? It doesn’t add value in its current form, so please consider removing it. Alternatively, you could adjust it to appear only occasionally.",4,2026-03-17 20:57:51,Commercial Bank of Ethiopia,Google Play
10Q U,5,2026-03-17 19:44:28,Commercial Bank of Ethiopia,Google Play
very interesting,5,2026-03-17 18:14:20,Commercial Bank of Ethiopia,Google Play
"it cant accomidate more than 2 accounts,every time i subscribe for my 3r account it vanish.",3,2026-03-17 12:35:00,Commercial Bank of Ethiopia,Google Play
it's so disgusting my phone is s9+ android of 8/9 and this application still doesn't work for my phone fix it sooner as possible !,1,2026-03-17 10:00:31,Commercial Bank of Ethiopia,Google Play
This app is by far one of the useless apps. It keep on sating can't sync and unable to do transfers. please for God sake fix it,1,2026-03-17 05:15:24,Commercial Bank of Ethiopia,Google Play
ልስን,4,2026-03-17 00:49:28,Commercial Bank of Ethiopia,Google Play
new app,5,2026-03-17 00:32:08,Commercial Bank of Ethiopia,Google Play
Nice,5,2026-03-17 00:06:25,Commercial Bank of Ethiopia,Google Play
it can't showed transaction history perfectly,1,2026-03-16 23:40:58,Commercial Bank of Ethiopia,Google Play
it have to be work on all smart phone ratherthan limitted by version,1,2026-03-16 23:33:02,Commercial Bank of Ethiopia,Google Play
All right 👍,5,2026-03-16 17:59:36,Commercial Bank of Ethiopia,Google Play
you can transfer br,5,2026-03-16 17:30:18,Commercial Bank of Ethiopia,Google Play
well,5,2026-03-16 14:30:46,Commercial Bank of Ethiopia,Google Play
not properly work,2,2026-03-16 14:25:14,Commercial Bank of Ethiopia,Google Play
nice app,5,2026-03-16 01:11:05,Commercial Bank of Ethiopia,Google Play
proud of CBE. CBE is my everyday day choice and confidence.,5,2026-03-15 15:55:23,Commercial Bank of Ethiopia,Google Play
It would be great if you could add tele birr agent to the transfer to wallet.,2,2026-03-15 03:40:13,Commercial Bank of Ethiopia,Google Play
love,5,2026-03-15 01:10:36,Commercial Bank of Ethiopia,Google Play
"To the CBE: I opened my account 8 years ago while working as a government employee in Harerghe. Now I live in Addis Ababa, yet my account has been frozen without any explanation. I contacted nearby branches and even the head office, and all I was told is that I must go to the branch where I originally opened my account-over 400 km away. How is this fair/legal? Expecting a customer to travel over 400km just to reactivate an account is unreasonable and shows a total disregard for customer rights.",3,2026-03-14 22:06:54,Commercial Bank of Ethiopia,Google Play
"it's good, but sometime the app can not be fast and it will need upgraeds.....?",4,2026-03-14 20:29:26,Commercial Bank of Ethiopia,Google Play
I gone to cbe branch more times as I updated or re installed it because it asks verfication no. after reinstallation or updation tis costy for you,4,2026-03-14 13:22:01,Commercial Bank of Ethiopia,Google Play
wonderful Pp,5,2026-03-14 12:59:40,Commercial Bank of Ethiopia,Google Play
ok,5,2026-03-14 01:03:02,Commercial Bank of Ethiopia,Google Play
l want Mobile banks code,5,2026-03-13 23:44:11,Commercial Bank of Ethiopia,Google Play
My application are not working,5,2026-03-13 19:03:32,Commercial Bank of Ethiopia,Google Play
its good customer support,4,2026-03-13 18:41:06,Commercial Bank of Ethiopia,Google Play
Can't active now,3,2026-03-13 16:18:33,Commercial Bank of Ethiopia,Google Play
this app is really make me excited 😊,5,2026-03-13 14:07:46,Commercial Bank of Ethiopia,Google Play
ok,5,2026-03-13 08:48:24,Commercial Bank of Ethiopia,Google Play
Easy to use and best way for online transactions in Ethiopia.,4,2026-03-12 23:48:45,Commercial Bank of Ethiopia,Google Play
good,5,2026-03-12 16:24:38,Commercial Bank of Ethiopia,Google Play
ቸርነት ገበየሁ,5,2026-03-12 11:55:21,Commercial Bank of Ethiopia,Google Play
"False advertising regarding Virtual Mastercard/Visa 😓😢😓 The latest update claims to support Mastercard and Visa cards, but this is completely false. The features are either missing or do not work at all. It is shameful for a leading bank to mislead its customers with ""new features"" that aren't actually available. Fix the bugs or stop making false promises.",1,2026-03-12 10:24:57,Commercial Bank of Ethiopia,Google Play
good,5,2026-03-12 07:30:50,Commercial Bank of Ethiopia,Google Play
thanks for my custom,5,2026-03-12 01:27:30,Commercial Bank of Ethiopia,Google Play
is good always not work not access.,2,2026-03-11 15:58:44,Commercial Bank of Ethiopia,Google Play
perfect 👌,5,2026-03-11 12:20:38,Commercial Bank of Ethiopia,Google Play
Baankiin Daldala Itoophiyaa nuuf qabeenya guddaa tahuu hin dagatinaa Mata duree ykn Handhuura baankii hundaati,5,2026-03-11 10:59:21,Commercial Bank of Ethiopia,Google Play
The worst Application,1,2026-03-10 20:36:21,Commercial Bank of Ethiopia,Google Play
keepup the good work thanks,5,2026-03-10 19:11:27,Commercial Bank of Ethiopia,Google Play
it good,5,2026-03-10 18:51:35,Commercial Bank of Ethiopia,Google Play
loved,5,2026-03-10 15:40:29,Commercial Bank of Ethiopia,Google Play
❤,5,2026-03-10 10:31:46,Commercial Bank of Ethiopia,Google Play
good,5,2026-03-09 18:53:20,Commercial Bank of Ethiopia,Google Play
exellent app!!!!!,5,2026-03-09 17:40:20,Commercial Bank of Ethiopia,Google Play
it's good,3,2026-03-09 16:20:53,Commercial Bank of Ethiopia,Google Play
easy to use,5,2026-03-09 16:09:51,Commercial Bank of Ethiopia,Google Play
good,5,2026-03-09 07:13:02,Commercial Bank of Ethiopia,Google Play
Very Good service,5,2026-03-09 01:29:13,Commercial Bank of Ethiopia,Google Play
The most dictator app in the banking industry. you beg for your own amount.,1,2026-03-09 01:12:42,Commercial Bank of Ethiopia,Google Play
Very good,5,2026-03-08 23:09:22,Commercial Bank of Ethiopia,Google Play
ጥሩ ነው,5,2026-03-08 12:06:29,Commercial Bank of Ethiopia,Google Play
ቀርፋፋ ነዉ,2,2026-03-08 01:13:48,Commercial Bank of Ethiopia,Google Play
their is no option to write the code and it is not functioning and i can't find the setting,1,2026-03-07 19:49:41,Commercial Bank of Ethiopia,Google Play
I like it,4,2026-03-07 13:57:39,Commercial Bank of Ethiopia,Google Play
slowing on connection.,3,2026-03-07 13:13:55,Commercial Bank of Ethiopia,Google Play
please release an app which can work for all android versions.,1,2026-03-07 11:11:40,Commercial Bank of Ethiopia,Google Play
"The previous application is good, but currently, after updating the application, everything is not working properly.",1,2026-03-07 01:16:49,Commercial Bank of Ethiopia,Google Play
first bank itoophiyaa nigd bank,5,2026-03-06 23:43:11,Commercial Bank of Ethiopia,Google Play
Good,5,2026-03-06 23:02:02,Commercial Bank of Ethiopia,Google Play
heddu gaalatoma,5,2026-03-06 22:59:58,Commercial Bank of Ethiopia,Google Play
"Did you know that if you open and hide your balance amount, it's font size will grow untill you can make it grow anymore because the Eye thingy will disappear (😭😭🫠)",4,2026-03-06 16:59:20,Commercial Bank of Ethiopia,Google Play
this is best app,4,2026-03-06 16:44:43,Commercial Bank of Ethiopia,Google Play
"sometimes it shows ""the app is not configured to the latest"" message. Version 5.2 4",3,2026-03-06 09:52:48,Commercial Bank of Ethiopia,Google Play
"Due to app version is to long ,this app is more lost money for new phone,im sory the new CBE app developper!",1,2026-03-06 00:55:58,Commercial Bank of Ethiopia,Google Play
I am using most of my financial things smoothly.,5,2026-03-05 19:33:46,Commercial Bank of Ethiopia,Google Play
good,4,2026-03-05 19:19:24,Commercial Bank of Ethiopia,Google Play
Nice,5,2026-03-05 18:30:09,Commercial Bank of Ethiopia,Google Play
ወደ ቴሌ ለማስተላለፍ ዕምብ አለ,5,2026-03-05 17:22:56,Commercial Bank of Ethiopia,Google Play
nic,5,2026-03-05 15:09:52,Commercial Bank of Ethiopia,Google Play
good,5,2026-03-05 14:09:46,Commercial Bank of Ethiopia,Google Play
Excellent app,5,2026-03-05 13:11:52,Commercial Bank of Ethiopia,Google Play
ok,5,2026-03-05 11:33:03,Commercial Bank of Ethiopia,Google Play
I like this apk and also I can accessed it wel!,5,2026-03-05 10:12:26,Commercial Bank of Ethiopia,Google Play
This app is not working on samsung j6 devices this is not fair we can't afford to buy new devices so u have to make work on this devices to?,1,2026-03-04 20:15:57,Commercial Bank of Ethiopia,Google Play
best,5,2026-03-04 20:04:15,Commercial Bank of Ethiopia,Google Play
it's very good apps I like it,5,2026-03-04 19:45:11,Commercial Bank of Ethiopia,Google Play
Good work,5,2026-03-04 12:02:20,Commercial Bank of Ethiopia,Google Play
"Good app, Thanks",5,2026-03-04 11:51:33,Commercial Bank of Ethiopia,Google Play
my choice,5,2026-03-04 02:46:14,Commercial Bank of Ethiopia,Google Play
strong 💪,5,2026-03-03 23:11:02,Commercial Bank of Ethiopia,Google Play
Good,5,2026-03-03 17:42:47,Commercial Bank of Ethiopia,Google Play
Excellent,5,2026-03-03 16:44:53,Commercial Bank of Ethiopia,Google Play
Your app is not working for android version 8. pls make it available!!,2,2026-03-03 11:46:13,Commercial Bank of Ethiopia,Google Play
I couldn't pay/transfer to my loan account. Would you mind updating your system?,3,2026-03-03 10:55:06,Commercial Bank of Ethiopia,Google Play
Its Good,5,2026-05-15 15:01:09,Bank of Abyssinia,Google Play
good,5,2026-05-14 21:18:44,Bank of Abyssinia,Google Play
it's very good app,5,2026-05-12 11:50:32,Bank of Abyssinia,Google Play
this app is good but the speed of app is very slow,2,2026-05-11 18:18:54,Bank of Abyssinia,Google Play
good,5,2026-05-09 14:41:50,Bank of Abyssinia,Google Play
boa the best,5,2026-05-08 13:47:07,Bank of Abyssinia,Google Play
bank of absiniya is best bank in ethiopian,5,2026-05-07 10:33:06,Bank of Abyssinia,Google Play
አስተማማኝና ዘመኑን የዋጀ,4,2026-05-05 11:03:08,Bank of Abyssinia,Google Play
good,5,2026-05-04 14:01:17,Bank of Abyssinia,Google Play
extremely slow app and unreliable for most payment i have stuggled to much with this,2,2026-05-03 13:40:13,Bank of Abyssinia,Google Play
Amazing app,5,2026-05-02 15:48:30,Bank of Abyssinia,Google Play
"I tried to oppen mobile app of BOA, but it can't work on my phone after activation. I can't login to it. the staffs tried their best and asked me the android version which is 16 and clear the catches, reinstall the app but the same restult × close the app. disappointing",1,2026-05-01 09:20:45,Bank of Abyssinia,Google Play
nice app 👍👍👍,5,2026-04-29 18:17:22,Bank of Abyssinia,Google Play
easy to understand,4,2026-04-28 15:22:31,Bank of Abyssinia,Google Play
best,5,2026-04-27 09:40:57,Bank of Abyssinia,Google Play
a wonderful Bank success app in Ethiopia 🇪🇹,5,2026-04-25 14:47:59,Bank of Abyssinia,Google Play
nice,5,2026-04-24 18:02:02,Bank of Abyssinia,Google Play
there's an error in app i don't ever know what's the case,1,2026-04-24 16:25:47,Bank of Abyssinia,Google Play
BoA always❤,5,2026-04-24 12:11:08,Bank of Abyssinia,Google Play
the worst app,1,2026-04-24 09:53:57,Bank of Abyssinia,Google Play
what an amazing service,5,2026-04-23 15:06:45,Bank of Abyssinia,Google Play
abezash,5,2026-04-23 14:08:29,Bank of Abyssinia,Google Play
😁😁ል,4,2026-04-23 09:47:19,Bank of Abyssinia,Google Play
Not working,4,2026-04-22 14:23:02,Bank of Abyssinia,Google Play
best,5,2026-04-22 02:32:39,Bank of Abyssinia,Google Play
nice,5,2026-04-21 16:02:50,Bank of Abyssinia,Google Play
everything new that other banks started abyssinia started it but this one year have been a disaster the mobile banking crashes everytime please do what you do best,1,2026-04-20 13:53:23,Bank of Abyssinia,Google Play
"the best applcation,, how can winning byd car 😭🤣🤣",5,2026-04-20 08:00:57,Bank of Abyssinia,Google Play
good,5,2026-04-19 21:13:24,Bank of Abyssinia,Google Play
"the app does not show my account balance correctly compared to what I get with the SMS notification. Again and again I am not able to make transfers because the app has issues. The app has over years now frequently problems, doesn't load, or is sometimes not working entirely and I can not open it. Even to the point that I question the rating of this app if it's true or distorted. I am not sure how it can be 4 stars something, when in real life the app just doesn't work a lot of the time.",1,2026-04-19 13:43:52,Bank of Abyssinia,Google Play
excellent service,5,2026-04-18 18:38:37,Bank of Abyssinia,Google Play
it very slow to access the app when urgent,1,2026-04-17 15:21:36,Bank of Abyssinia,Google Play
very Good app,4,2026-04-16 13:13:02,Bank of Abyssinia,Google Play
best i ethiopia,5,2026-04-16 00:34:57,Bank of Abyssinia,Google Play
when i try to see my balance the app logs me out.i try to uninstall the app and install it when i try to login again it says login expired.the worest mobile banking in ethiopia. fix it,1,2026-04-15 22:27:26,Bank of Abyssinia,Google Play
good,5,2026-04-15 19:34:48,Bank of Abyssinia,Google Play
like,5,2026-04-14 13:29:54,Bank of Abyssinia,Google Play
Why transfer to telebirr agent doesn't work?,3,2026-04-14 11:43:34,Bank of Abyssinia,Google Play
best 👌 app in entire industry,5,2026-04-14 11:31:05,Bank of Abyssinia,Google Play
besst app,5,2026-04-14 10:22:22,Bank of Abyssinia,Google Play
good 👍,5,2026-04-13 16:59:18,Bank of Abyssinia,Google Play
ksanet hayle,5,2026-04-11 15:27:27,Bank of Abyssinia,Google Play
this app is not use my pbone android 16 and not fix boa nearest branch how to use this app,1,2026-04-11 13:14:32,Bank of Abyssinia,Google Play
"disappointing experience .couldn't even do transactions ,so slow .you should check and update it please",1,2026-04-09 15:06:03,Bank of Abyssinia,Google Play
poor functional and also very interactive customer service at branch,1,2026-04-09 11:51:02,Bank of Abyssinia,Google Play
low networks,4,2026-04-08 08:58:34,Bank of Abyssinia,Google Play
Fast& Modern,5,2026-04-08 03:29:24,Bank of Abyssinia,Google Play
very nice service appreciated 👍,5,2026-04-07 09:00:42,Bank of Abyssinia,Google Play
it's not working always says error occured,1,2026-04-06 11:39:36,Bank of Abyssinia,Google Play
good,5,2026-04-06 10:55:00,Bank of Abyssinia,Google Play
fast and reliable app,5,2026-04-02 19:29:36,Bank of Abyssinia,Google Play
good,1,2026-04-02 14:07:10,Bank of Abyssinia,Google Play
እረተውኝ,5,2026-04-01 16:08:30,Bank of Abyssinia,Google Play
good,1,2026-04-01 15:15:02,Bank of Abyssinia,Google Play
its good,5,2026-04-01 13:23:58,Bank of Abyssinia,Google Play
updte,3,2026-04-01 08:45:59,Bank of Abyssinia,Google Play
nice,5,2026-03-31 14:07:14,Bank of Abyssinia,Google Play
"Personal opinion: If Abyssinia Mobile Banking allows you to use data from the SIM card where banking is activated, for example, if the connection to the WiFi router stops, if it is possible to use the SIM card where it was activated, and if the password can finally be re-entered 🙏",5,2026-03-31 12:54:21,Bank of Abyssinia,Google Play
stupid app! when i try to send money it says error occured,1,2026-03-31 10:49:46,Bank of Abyssinia,Google Play
i loveit,5,2026-03-31 10:44:00,Bank of Abyssinia,Google Play
Boa yleyal,5,2026-03-31 05:30:53,Bank of Abyssinia,Google Play
lovely,2,2026-03-30 16:32:45,Bank of Abyssinia,Google Play
other bank is very slow,5,2026-03-30 11:45:41,Bank of Abyssinia,Google Play
good,5,2026-03-29 18:15:19,Bank of Abyssinia,Google Play
When transaction done form BOA to Other Bank accounts the receipt does not include the name of receipant(the who receive the money),4,2026-03-29 17:22:33,Bank of Abyssinia,Google Play
Niyse,5,2026-03-29 15:18:37,Bank of Abyssinia,Google Play
good,3,2026-03-29 10:54:30,Bank of Abyssinia,Google Play
my choice BOA,5,2026-03-28 19:21:32,Bank of Abyssinia,Google Play
በጣም ጥሩ ነው,5,2026-03-28 16:16:38,Bank of Abyssinia,Google Play
smart app,5,2026-03-28 16:12:54,Bank of Abyssinia,Google Play
emails connect to pone numbers link all the city banks by location naw,5,2026-03-28 14:00:36,Bank of Abyssinia,Google Play
good,5,2026-03-28 13:03:39,Bank of Abyssinia,Google Play
good,1,2026-03-28 12:30:46,Bank of Abyssinia,Google Play
My favorite app,5,2026-03-28 11:55:13,Bank of Abyssinia,Google Play
very good,5,2026-03-28 11:21:33,Bank of Abyssinia,Google Play
smart app smart bank,5,2026-03-27 15:38:41,Bank of Abyssinia,Google Play
You can't rely on Abyssinia. They are the worst,1,2026-03-26 11:16:54,Bank of Abyssinia,Google Play
its the the bank of bank,5,2026-03-25 10:33:59,Bank of Abyssinia,Google Play
good app,5,2026-03-24 21:25:44,Bank of Abyssinia,Google Play
beti araya,5,2026-03-24 17:17:35,Bank of Abyssinia,Google Play
ok app,5,2026-03-24 14:48:11,Bank of Abyssinia,Google Play
something is wrong,2,2026-03-24 10:45:40,Bank of Abyssinia,Google Play
abanamu boriifuu hindhabamu horiinu ajiraanu woliinuu,5,2026-03-24 06:43:54,Bank of Abyssinia,Google Play
good up except some sluggishness,5,2026-03-23 20:49:38,Bank of Abyssinia,Google Play
good app,5,2026-03-23 17:41:59,Bank of Abyssinia,Google Play
it is not bad it just ok,4,2026-03-23 17:06:18,Bank of Abyssinia,Google Play
well,1,2026-03-22 21:16:21,Bank of Abyssinia,Google Play
i can't transfer money to other bank. 😒😒,4,2026-03-22 18:05:01,Bank of Abyssinia,Google Play
doesn't work,1,2026-03-22 15:34:33,Bank of Abyssinia,Google Play
cheru birhanu,1,2026-03-22 15:27:34,Bank of Abyssinia,Google Play
This app good b/c reduce my time,5,2026-03-22 13:01:24,Bank of Abyssinia,Google Play
Machin tecnoloj,3,2026-03-22 09:08:21,Bank of Abyssinia,Google Play
developer option offe,1,2026-03-22 07:13:54,Bank of Abyssinia,Google Play
"Bank of Abyssinia used to be the best for me, but now I don’t think so. I spent the whole day at the branch trying to fix my mobile banking, yet nothing changed. I was asked repeatedly for my ID and signature without any real solution. It’s disappointing and frustrating to see such poor service. I expected much better 🙏 Please fix this urgently 🙏",1,2026-03-22 01:37:47,Bank of Abyssinia,Google Play
good!,4,2026-03-21 21:03:29,Bank of Abyssinia,Google Play
BoA Mobile app,5,2026-03-21 20:44:51,Bank of Abyssinia,Google Play
good,5,2026-03-21 18:58:45,Bank of Abyssinia,Google Play
it is simple and fast app,5,2026-03-21 15:46:14,Bank of Abyssinia,Google Play
awful,1,2026-03-21 13:19:20,Bank of Abyssinia,Google Play
👍👍👍,5,2026-03-20 22:07:00,Bank of Abyssinia,Google Play
ቤጣም ጥሩ ነው ግን ኖ ፍጥነት ብዙ ስታክ ኦኬ,5,2026-03-20 19:52:11,Bank of Abyssinia,Google Play
best app,5,2026-03-20 17:06:44,Bank of Abyssinia,Google Play
awesome and fast app it uses to do my work easier..🥰,5,2026-03-20 16:34:08,Bank of Abyssinia,Google Play
simple and fast,5,2026-03-20 10:22:05,Bank of Abyssinia,Google Play
very good appreciation trusted,5,2026-03-20 08:02:57,Bank of Abyssinia,Google Play
very nice app u love it,5,2026-03-19 20:41:26,Bank of Abyssinia,Google Play
happy,4,2026-03-19 15:53:03,Bank of Abyssinia,Google Play
The worst banking app ever. When I toggle the balance button it shows session expired. I can't even check balance😔,1,2026-03-19 15:36:05,Bank of Abyssinia,Google Play
Secured and rely on BOA.,4,2026-03-19 11:59:18,Bank of Abyssinia,Google Play
good,5,2026-03-19 11:50:48,Bank of Abyssinia,Google Play
Nice App,5,2026-03-19 10:46:40,Bank of Abyssinia,Google Play
Good,1,2026-03-18 12:23:54,Bank of Abyssinia,Google Play
very good app,5,2026-03-18 09:31:21,Bank of Abyssinia,Google Play
good to use,5,2026-03-18 09:14:55,Bank of Abyssinia,Google Play
excellent!,5,2026-03-18 08:44:45,Bank of Abyssinia,Google Play
Thanks bank of Abisiniya,5,2026-03-17 23:02:36,Bank of Abyssinia,Google Play
good ap,5,2026-03-17 22:09:50,Bank of Abyssinia,Google Play
Very nice application,5,2026-03-17 21:33:30,Bank of Abyssinia,Google Play
the BoA is the smartest app,5,2026-03-17 20:04:57,Bank of Abyssinia,Google Play
nice,5,2026-03-17 19:55:05,Bank of Abyssinia,Google Play
Wow!!,5,2026-03-17 18:31:36,Bank of Abyssinia,Google Play
v.good,5,2026-03-17 18:07:57,Bank of Abyssinia,Google Play
wow,5,2026-03-17 17:57:37,Bank of Abyssinia,Google Play
best,5,2026-03-17 17:23:35,Bank of Abyssinia,Google Play
very excellent and truth application.,5,2026-03-17 17:09:01,Bank of Abyssinia,Google Play
very good,4,2026-03-17 16:19:40,Bank of Abyssinia,Google Play
"All problems are fixed now , easy to use recommended.",5,2026-03-17 15:28:29,Bank of Abyssinia,Google Play
it is slow app pls update more,5,2026-03-17 14:51:45,Bank of Abyssinia,Google Play
good,5,2026-03-17 14:44:06,Bank of Abyssinia,Google Play
amazing app ever,5,2026-03-17 13:17:29,Bank of Abyssinia,Google Play
It did not work at all for me,1,2026-03-17 13:06:11,Bank of Abyssinia,Google Play
besat🥰,4,2026-03-17 09:15:05,Bank of Abyssinia,Google Play
amazing 😄 service I appreciate it,5,2026-03-17 08:56:41,Bank of Abyssinia,Google Play
no limit app,5,2026-03-17 00:22:38,Bank of Abyssinia,Google Play
Very excayeted and degjetalization more accecing to any markate enabled servece also hamble so more atande,4,2026-03-16 23:29:33,Bank of Abyssinia,Google Play
Best !,5,2026-03-16 17:58:39,Bank of Abyssinia,Google Play
the app is always full of bugs and I don't know why they don't even try to fix them it's been like this for years it's always unstable,1,2026-03-16 17:35:33,Bank of Abyssinia,Google Play
very good,4,2026-03-16 16:38:16,Bank of Abyssinia,Google Play
fast app,5,2026-03-16 16:19:33,Bank of Abyssinia,Google Play
best app,5,2026-03-16 15:58:56,Bank of Abyssinia,Google Play
very good service,3,2026-03-16 15:27:55,Bank of Abyssinia,Google Play
lovely app,5,2026-03-16 13:33:30,Bank of Abyssinia,Google Play
"BoA easily accessible, fast with best service, Go ahead",5,2026-03-16 13:19:54,Bank of Abyssinia,Google Play
its so amazing,5,2026-03-16 10:05:14,Bank of Abyssinia,Google Play
good,5,2026-03-16 09:23:47,Bank of Abyssinia,Google Play
Now this bank is among those Ethiopian banks with best mobile banking. N.B I will give 5 star if the app asks a PIN before completing transaction.,4,2026-03-16 09:04:48,Bank of Abyssinia,Google Play
love BOA,1,2026-03-15 15:19:43,Bank of Abyssinia,Google Play
wow,5,2026-03-14 14:35:22,Bank of Abyssinia,Google Play
i like,5,2026-03-14 04:23:56,Bank of Abyssinia,Google Play
it stucks and jumps out,1,2026-03-13 16:50:45,Bank of Abyssinia,Google Play
ማስተዋልይርሳው,5,2026-03-11 13:12:22,Bank of Abyssinia,Google Play
1 ደኛ,5,2026-03-11 00:15:33,Bank of Abyssinia,Google Play
nice,5,2026-03-10 17:47:02,Bank of Abyssinia,Google Play
considering the fact that bank is huge this app really bad you could do better,1,2026-03-10 16:31:41,Bank of Abyssinia,Google Play
fast security 🔥🔥🔥,5,2026-03-07 12:38:41,Bank of Abyssinia,Google Play
100% 😱😱,5,2026-03-07 12:25:12,Bank of Abyssinia,Google Play
doesn't work.,1,2026-03-06 02:33:39,Bank of Abyssinia,Google Play
nice,5,2026-03-04 02:46:00,Bank of Abyssinia,Google Play
atdtd,1,2026-03-03 11:37:40,Bank of Abyssinia,Google Play
Its so boaring app I ever had....please review and fix z deficulties,1,2026-03-03 02:47:23,Bank of Abyssinia,Google Play
ፈት አፈዘ,1,2026-03-03 00:02:53,Bank of Abyssinia,Google Play
profesionl,5,2026-03-02 12:03:39,Bank of Abyssinia,Google Play
nice,5,2026-03-02 02:15:36,Bank of Abyssinia,Google Play
very nice,5,2026-03-01 17:39:22,Bank of Abyssinia,Google Play
no app,1,2026-03-01 08:58:51,Bank of Abyssinia,Google Play
BOA mobile app,5,2026-02-28 00:58:15,Bank of Abyssinia,Google Play
"Good App But big problem with Trasfer to other Bank im send some money to other bank still not reach it ,it's take time around two days",4,2026-02-27 16:46:37,Bank of Abyssinia,Google Play
Use the best bank account ✅👌👌👌,5,2026-02-25 04:16:11,Bank of Abyssinia,Google Play
well app,5,2026-02-24 15:34:02,Bank of Abyssinia,Google Play
"balance sync is working after 24 hours, frequently stop working for the last 4 yrs, boring update released, very poor service",2,2026-02-23 08:12:09,Bank of Abyssinia,Google Play
Excellent service thanks,5,2026-02-20 11:34:26,Bank of Abyssinia,Google Play
good,5,2026-02-19 13:34:36,Bank of Abyssinia,Google Play
good,5,2026-02-19 04:06:32,Bank of Abyssinia,Google Play
Good,5,2026-02-17 18:53:42,Bank of Abyssinia,Google Play
it crush every time you opend it it is hard to pay quickly or to access,1,2026-02-17 10:27:49,Bank of Abyssinia,Google Play
it is a best app,5,2026-02-16 02:05:31,Bank of Abyssinia,Google Play
"this app is useless, i try to use it but the app crash and log me out and this is happen again and again. i thought they will fix it on update but there is no update.",1,2026-02-15 07:50:01,Bank of Abyssinia,Google Play
"It’s very hard, it’s not working.👎👎",1,2026-02-11 16:55:01,Bank of Abyssinia,Google Play
v.good,5,2026-02-11 04:29:55,Bank of Abyssinia,Google Play
some time the app would have been a problem to open,5,2026-02-10 22:46:44,Bank of Abyssinia,Google Play
good,5,2026-02-10 09:43:43,Bank of Abyssinia,Google Play
good,5,2026-02-08 18:42:24,Bank of Abyssinia,Google Play
Its not work accurately please improve your mobile banking,1,2026-02-03 09:19:03,Bank of Abyssinia,Google Play
the most doagusting app from ethiopian banking especially on weekdenda🤮🤮🤮🤮🤮🤮🤮,1,2026-02-02 22:36:33,Bank of Abyssinia,Google Play
wondo mechesa,5,2026-01-31 15:48:52,Bank of Abyssinia,Google Play
good but the user interface and animations need some upgrade,4,2026-01-31 12:31:47,Bank of Abyssinia,Google Play
what is wrong these app ?,1,2026-01-30 18:46:57,Bank of Abyssinia,Google Play
very good app,5,2026-01-29 12:39:44,Bank of Abyssinia,Google Play
unsatisfied to your mobile banking application,5,2026-01-28 01:41:02,Bank of Abyssinia,Google Play
"Whenever I want to see my balance, the app says “no” and logs me out. Looks like the developer doesn’t want customers to know the truth 😄! This app really protects my money. It logs me out before I can even see my balance. 👉 Honestly, this app doesn’t reflect the quality of Bank of Abyssinia.",3,2026-01-26 18:50:33,Bank of Abyssinia,Google Play
"BoA Mobile is boring, imagine if you install it to your phone it crash when once used and require reinstall. I downloaded ten times but it still crashing.",1,2026-01-25 17:13:11,Bank of Abyssinia,Google Play
እሽቱ,5,2026-01-24 23:06:48,Bank of Abyssinia,Google Play
very clumsy application. it sucks alot.,1,2026-01-23 21:47:52,Bank of Abyssinia,Google Play
so perfect in everything,5,2026-01-22 20:08:57,Bank of Abyssinia,Google Play
yse good ap,5,2026-01-22 16:19:27,Bank of Abyssinia,Google Play
the worst Mobile banking app👎👎👎👎,1,2026-01-22 08:35:04,Bank of Abyssinia,Google Play
እየሩስ ፣አይለ፣,1,2026-01-20 22:09:01,Bank of Abyssinia,Google Play
very nice,5,2026-01-20 13:55:50,Bank of Abyssinia,Google Play
very Good application,4,2026-01-14 22:19:32,Bank of Abyssinia,Google Play
yes,5,2026-01-13 15:59:48,Bank of Abyssinia,Google Play
app doesnt work,1,2026-01-10 17:26:50,Bank of Abyssinia,Google Play
it's too slow and when you are in a hurry don't use this app,1,2026-01-10 15:56:11,Bank of Abyssinia,Google Play
The worest app ever .work hard and do betterthan this,1,2026-01-09 19:57:36,Bank of Abyssinia,Google Play
The app is always glitch seems there's is significant issue from the backend. Can someone take a look on this or just remove from appstore this trash 🗑 🙄. Thank you.,1,2026-01-07 07:16:09,Bank of Abyssinia,Google Play
n m ű,3,2026-01-06 20:11:11,Bank of Abyssinia,Google Play
so good,5,2026-01-06 14:40:05,Bank of Abyssinia,Google Play
my app is not working .,1,2026-01-06 09:36:21,Bank of Abyssinia,Google Play
"Problems with internet, the app sometimes says there is no internet connection while Internet Data is on. this needs to be fixed, it's unacceptable not being able to access your bank account when you need it.",1,2026-01-05 20:39:22,Bank of Abyssinia,Google Play
"There's only one word to describe BOA mobile banking app, and it's 'እንጨት'. It's been the worst experience and it's continuing to be so.",1,2026-01-04 14:08:08,Bank of Abyssinia,Google Play
not good update it again,1,2026-01-04 09:06:33,Bank of Abyssinia,Google Play
the app not works on samsung galaxy A06 models it's directly kick you out of the app whenever u want to use it amd and then it's says the app is not working i hope they fix it soon,2,2026-01-04 00:52:21,Bank of Abyssinia,Google Play
The worest banking app i ever used,1,2026-01-03 18:02:34,Bank of Abyssinia,Google Play
"This app is the worst app I've ever seen. Unless the developer fixes it, BOA will lose all its customers.",1,2026-01-02 15:17:45,Bank of Abyssinia,Google Play
yetemeta app nw cherash nw apk west maygebawu beza sebeb absiniya tesenabichalewu,1,2026-01-01 07:48:18,Bank of Abyssinia,Google Play
ደገፉ ፈፊኘየየከ ወግወ ደገፉ,5,2025-12-31 17:16:39,Bank of Abyssinia,Google Play
good,5,2025-12-27 20:54:09,Bank of Abyssinia,Google Play
good 👍👍👍,5,2025-12-27 11:49:13,Bank of Abyssinia,Google Play
best digital financing app in ethiopia,5,2025-12-26 21:57:11,Bank of Abyssinia,Google Play
wooow,5,2025-12-26 20:18:19,Bank of Abyssinia,Google Play
very good to be continued to update,5,2025-12-24 10:15:21,Bank of Abyssinia,Google Play
የአቢሲኒያ ባንክ app,5,2025-12-22 19:26:26,Bank of Abyssinia,Google Play
አፕሊኬሽኑ መጨረሻ ቀርፋፋ ነው:: 2G,1,2025-12-21 18:34:15,Bank of Abyssinia,Google Play
best,5,2025-12-21 17:50:07,Bank of Abyssinia,Google Play
"what is this the 19 century 😡,we can't even see our balance,this app is going backwards 😤",1,2025-12-21 11:11:45,Bank of Abyssinia,Google Play
The worst Mobile banking app in Ethiopia,1,2025-12-20 15:29:07,Bank of Abyssinia,Google Play
great,5,2025-12-18 10:47:08,Bank of Abyssinia,Google Play
Applicationa kerem delile,5,2025-12-18 01:05:07,Bank of Abyssinia,Google Play
fast,5,2025-12-17 18:05:07,Bank of Abyssinia,Google Play
Good,5,2025-12-17 10:49:49,Bank of Abyssinia,Google Play
good,5,2025-12-16 15:50:18,Bank of Abyssinia,Google Play
😍,5,2025-12-15 15:38:30,Bank of Abyssinia,Google Play
best,5,2025-12-15 14:28:56,Bank of Abyssinia,Google Play
nice,5,2025-12-13 09:10:55,Bank of Abyssinia,Google Play
WE EXPECT IT WILL BE MORE AND MORE FASTER THAN EARLIER!,5,2025-12-13 08:21:22,Bank of Abyssinia,Google Play
Amazing App 👏,5,2025-12-12 20:12:54,Bank of Abyssinia,Google Play
Niec app,5,2025-12-12 14:00:05,Bank of Abyssinia,Google Play
best app of the year,5,2025-12-12 12:37:25,Bank of Abyssinia,Google Play
waw,2,2025-12-12 11:40:45,Bank of Abyssinia,Google Play
it constantly bugs and doesnt open what is the purpose of mobile banking app if i dont use it when i need it?,1,2025-12-12 10:56:13,Bank of Abyssinia,Google Play
🔥🔥,5,2025-12-10 13:21:23,Bank of Abyssinia,Google Play
good,4,2025-12-09 09:59:13,Bank of Abyssinia,Google Play
good,4,2025-12-06 06:16:40,Bank of Abyssinia,Google Play
"please fix the bug this app does not work, it says Error The request was not successful. Please check device connectivity or try again.",1,2025-12-05 20:26:55,Bank of Abyssinia,Google Play
not bad,3,2025-12-04 12:46:06,Bank of Abyssinia,Google Play
nice banking,5,2025-12-02 12:39:41,Bank of Abyssinia,Google Play
what a bad app... cant even learn from CBE ... how can they even improve?,1,2025-12-02 11:12:23,Bank of Abyssinia,Google Play
it stuck everytime when i use it . the app won't budge to even open,1,2025-12-02 07:43:05,Bank of Abyssinia,Google Play
i don't find it good and now it is not working!,1,2025-12-01 20:46:47,Bank of Abyssinia,Google Play
Make the reason we wrote visible on app transaction.,2,2025-12-01 09:20:30,Bank of Abyssinia,Google Play
app is note active working crash,1,2025-11-30 21:57:28,Bank of Abyssinia,Google Play
🙏👍,5,2025-11-29 03:47:54,Bank of Abyssinia,Google Play
Very Good,5,2025-11-28 20:18:20,Bank of Abyssinia,Google Play
goof,5,2025-11-28 13:33:37,Bank of Abyssinia,Google Play
good!,5,2025-11-28 12:19:31,Bank of Abyssinia,Google Play
bad exprience...it is so crushed,1,2025-11-27 11:41:15,Bank of Abyssinia,Google Play
not user friendly at all it requires a huge connectivity and also lags many times 😑😑😑,1,2025-11-26 22:52:50,Bank of Abyssinia,Google Play
ምንም የማይ ሰራ,1,2025-11-26 13:08:10,Bank of Abyssinia,Google Play
very good,5,2025-11-25 13:15:43,Bank of Abyssinia,Google Play
most of the time is not working properly,1,2025-11-25 08:23:20,Bank of Abyssinia,Google Play
good service,5,2025-11-25 02:10:24,Bank of Abyssinia,Google Play
not use for me,3,2025-11-23 18:23:59,Bank of Abyssinia,Google Play
It keeps notifying me to disable developer options and quiet while I'm not enabled. always bring another type of problem with new updates.,1,2025-11-22 14:21:32,Bank of Abyssinia,Google Play
waw,5,2025-11-21 06:49:18,Bank of Abyssinia,Google Play
the lag is unbelievable when you need it the most this suks,1,2025-11-19 13:04:40,Bank of Abyssinia,Google Play
I cant belive I could find the worst bank app ever .yet very simple to fix the problem and the company just ignored it. no body can do business with this kind of app.,1,2025-11-18 20:28:03,Bank of Abyssinia,Google Play
it is a good app,5,2025-11-18 09:47:47,Bank of Abyssinia,Google Play
it is not working at all,1,2025-11-15 20:42:13,Bank of Abyssinia,Google Play
🥰🥰🥰🥰🥰 app is good but i was live in abroad and when i enter my otp code it didnt make me to write my code it the app want it self write thats not fair so please other wise i like it why,5,2025-11-15 19:29:15,Bank of Abyssinia,Google Play
when trying to activate the app it keeps on loading on the security questions page. It has been two days,1,2025-11-13 09:57:58,Bank of Abyssinia,Google Play
fast and simple,5,2025-11-11 03:23:24,Bank of Abyssinia,Google Play
best of best,5,2025-11-10 19:25:19,Bank of Abyssinia,Google Play
Worest Banking App Ever I seen. Fake App Bad Better to Leave,1,2025-11-10 19:03:40,Bank of Abyssinia,Google Play
good,4,2025-11-10 14:46:34,Bank of Abyssinia,Google Play
"I would like to share feedback regarding the application. It frequently experiences disruptions and does not function properly, often freezing or failing to load. This issue is affecting workflow and efficiency. Kindly review and address this problem to ensure smoother performance.",1,2025-11-08 13:11:33,Bank of Abyssinia,Google Play
Meet you genuine.App I tried is not functional.Helping.welldoingwith BOA Ethiopia .fastandrelevant.morconnecting Digitalyworld.Digitalyworld. thanks.,5,2025-11-08 12:18:43,Bank of Abyssinia,Google Play
best app,5,2025-11-08 11:40:22,Bank of Abyssinia,Google Play
Best app,5,2025-11-07 21:15:06,Bank of Abyssinia,Google Play
"Barely works, it always fails to connect",1,2025-11-07 16:33:56,Bank of Abyssinia,Google Play
this app launch time is so long also has dozen bugs in addition it's has been long time get update,1,2025-11-05 12:22:49,Bank of Abyssinia,Google Play
very nice,5,2025-11-04 17:21:49,Bank of Abyssinia,Google Play
"Your application is very irritating to use, some functionality doesn't even work like on the card management. You need to do better than this and it good idea to reference other banking applications.",3,2025-11-04 15:26:13,Bank of Abyssinia,Google Play
I like,5,2025-11-02 16:36:02,Bank of Abyssinia,Google Play
ወይ አሻሽሉትና እንጠቀምበት ያለያ ብታጠፉት ይሻላል። በቃ ምንም ነገር አይሰራም መተግበሪያ አለን ብላችሁ እንዳታወሩ ለማንም የማይመከር ቀርፋፋና ተግባር የለሽ መተግበሪያ,1,2025-11-01 14:12:12,Bank of Abyssinia,Google Play
i m sorry but it doesn't work for my android it is too slow but other bank are very fast please update,1,2025-10-30 22:18:43,Bank of Abyssinia,Google Play
"the worst app ever,",1,2025-10-30 21:09:22,Bank of Abyssinia,Google Play
better,5,2025-10-29 14:51:14,Bank of Abyssinia,Google Play
"I kindly request that Bank of abyssinia address issues with its mobile app. It is very slow, has numerous problems, and frequently experiences downtime. The user experience is also poor. Thank you.",1,2025-10-28 20:07:21,Bank of Abyssinia,Google Play
this app can't open? what is problem? please solve my problem?,1,2025-10-28 02:44:21,Bank of Abyssinia,Google Play
kiyaa makonn,5,2025-10-27 22:28:55,Bank of Abyssinia,Google Play
very very lazy app,1,2025-10-26 23:12:22,Bank of Abyssinia,Google Play
telebirr remittance,5,2025-10-24 16:04:33,Bank of Abyssinia,Google Play
The best bank in 🇪🇹,5,2025-10-23 20:01:50,Bank of Abyssinia,Google Play
its good,5,2025-10-22 19:14:24,Bank of Abyssinia,Google Play
the worst app in my financial experience.,1,2025-10-22 13:13:16,Bank of Abyssinia,Google Play
good for mb appliciation,5,2025-10-21 17:22:18,Bank of Abyssinia,Google Play
the worst bank ever. slow don't accept dual sim. they are very stupid and greedy,1,2025-10-20 17:36:14,Bank of Abyssinia,Google Play
try to easy network,4,2025-10-17 15:56:04,Bank of Abyssinia,Google Play
hussen hassen umer,5,2025-10-16 20:05:56,Bank of Abyssinia,Google Play
"The app is not suitable and lacks a good UI design. As a large bank, you must update your app with a professional UI that is fast and appropriate.",2,2025-10-16 11:53:31,Bank of Abyssinia,Google Play
an exceptional banking app.,5,2025-10-16 09:51:09,Bank of Abyssinia,Google Play
alhamdulilah,5,2025-10-11 09:38:31,Bank of Abyssinia,Google Play
poor,5,2025-10-11 06:59:58,Bank of Abyssinia,Google Play
Best of best,5,2025-10-09 09:31:41,Bank of Abyssinia,Google Play
from the last week updates the app is not working Please check the problems,1,2025-10-08 20:21:32,Bank of Abyssinia,Google Play
It's always crushing,1,2025-10-08 10:28:55,Bank of Abyssinia,Google Play
office branches have to improve their services please,4,2025-10-07 07:22:58,Bank of Abyssinia,Google Play
♥️♥️,5,2025-10-05 20:45:56,Bank of Abyssinia,Google Play
Why does it keep crashing? I can't even use this. BOA should do better. You have many customers and how to deal with this. I can't send money now.,1,2025-10-05 19:04:02,Bank of Abyssinia,Google Play
it needs a timely update,5,2025-10-03 09:39:36,Bank of Abyssinia,Google Play
"It does not show the name of the person who sent the money to request a receipt. This has become very difficult for us. When different people transfer the same amount to me from different banks, it is very difficult to identify the account or the name of the sender.",3,2025-10-01 22:45:17,Bank of Abyssinia,Google Play
Like,5,2025-10-01 22:10:29,Bank of Abyssinia,Google Play
I can't type my otp on it.,1,2025-10-01 18:42:50,Bank of Abyssinia,Google Play
"most of bank apps in Ethiopia are linked with ethiopian phone number, I live in US permanently so when I open BoA account, I told them where I live and to link it with email address instead of phone # as ethio phone number is not working where I live, unfortunetly my fear appeared and now when I change my phone device, it send the code to the ethio number which is not with me now. so please when u develop bank apps consider the diaspora community to use ur apps",1,2025-10-01 15:30:39,Bank of Abyssinia,Google Play
jaajja,4,2025-09-30 13:13:07,Bank of Abyssinia,Google Play
I love this bank the best experience ever.,5,2025-09-28 04:17:38,Bank of Abyssinia,Google Play
"Nothing has been improved, it doesn't work like the previous version.",1,2025-09-25 20:41:02,Bank of Abyssinia,Google Play
Great,5,2025-09-20 17:06:09,Bank of Abyssinia,Google Play
mobile banking,5,2025-09-19 18:43:07,Bank of Abyssinia,Google Play
very good,5,2025-09-18 20:31:44,Bank of Abyssinia,Google Play
😎,5,2025-09-18 00:47:17,Bank of Abyssinia,Google Play
"need alot of connection, chooses device, very lug even when there is connection",1,2025-09-17 13:50:17,Bank of Abyssinia,Google Play
On my ios it's perfect but on android it barley works and don't transfer and after a while it crushed and totally stopped working. Please fix the issue my beloved bank of abyssinia.,1,2025-09-15 17:16:36,Bank of Abyssinia,Google Play
none,5,2025-09-14 21:21:53,Bank of Abyssinia,Google Play
good,2,2025-09-13 08:42:59,Bank of Abyssinia,Google Play
good,5,2025-09-12 11:11:17,Bank of Abyssinia,Google Play
very good app i ever used,5,2025-09-12 08:25:40,Bank of Abyssinia,Google Play
its nice app especially the transaction limit is extended but We face that BoA m.banking app doesn't respond at the activation stage strictly at SMSNG mobile phone. please try this to make safe.,4,2025-09-11 19:48:42,Bank of Abyssinia,Google Play
zedo,5,2025-09-11 02:38:59,Bank of Abyssinia,Google Play
please open my mobile app,5,2025-09-10 15:43:30,Bank of Abyssinia,Google Play
it doesn't open,1,2025-09-10 12:38:37,Bank of Abyssinia,Google Play
Very Good,5,2025-09-09 01:18:34,Bank of Abyssinia,Google Play
Best banking transaction application in Ethiopia !,5,2025-09-05 17:24:28,Bank of Abyssinia,Google Play
السلام عليكم ورحمة الله وبركاته ماشاء الله تبارك الرحمن هذا التطبيق ممتاز جدا,5,2025-09-04 18:02:58,Bank of Abyssinia,Google Play
tamaam kamal,1,2025-09-04 01:55:34,Bank of Abyssinia,Google Play
በጣም ሐሪፍ,5,2025-09-03 15:16:27,Bank of Abyssinia,Google Play
great 👍,5,2025-09-02 09:11:28,Bank of Abyssinia,Google Play
goof,4,2025-09-01 09:54:57,Bank of Abyssinia,Google Play
absiniya banki,5,2025-08-29 18:14:45,Bank of Abyssinia,Google Play
has issue after installation and i think it doesn't work with tecno common 30,1,2025-08-26 15:05:33,Bank of Abyssinia,Google Play
One of the best in this business,5,2025-08-25 16:34:55,Bank of Abyssinia,Google Play
Excellent,5,2025-08-20 20:32:23,Bank of Abyssinia,Google Play
besat🥰,5,2025-08-19 21:47:44,Bank of Abyssinia,Google Play
unlimited experience,5,2025-08-18 09:15:44,Bank of Abyssinia,Google Play
"as bank, u should at least hire someone good at their job bc this a joke nowadays I can't even log in or even transfer without it crashing if u fix the app I will update this review I am counting on u boa update: so they atleast fixed it but as suggestion can u put password when in final step of sending money it will feel more secure that way",4,2025-08-17 06:44:58,Bank of Abyssinia,Google Play
very nice mobile banking app my favourite,5,2025-08-16 13:58:54,Bank of Abyssinia,Google Play
"it almost never boots up!!! and even if it did, it crashes immediately",1,2025-08-15 14:12:02,Bank of Abyssinia,Google Play
best apps,5,2025-08-15 14:01:49,Bank of Abyssinia,Google Play
the worst app ever to exist in a bank history,1,2025-08-15 11:08:29,Bank of Abyssinia,Google Play
thank you,5,2025-08-14 07:41:49,Bank of Abyssinia,Google Play
Best mobile app in the country,5,2025-08-14 07:04:30,Bank of Abyssinia,Google Play
not fast,2,2025-08-12 18:29:21,Bank of Abyssinia,Google Play
keeps freezing at the front page.,1,2025-08-10 17:35:29,Bank of Abyssinia,Google Play
it is not working on redminote 11 pro+ pls fix it,1,2025-08-08 07:03:06,Bank of Abyssinia,Google Play
abseniya bank app,5,2025-08-08 03:00:41,Bank of Abyssinia,Google Play
good,5,2025-08-05 17:19:00,Bank of Abyssinia,Google Play
yes goode app,5,2025-08-03 23:19:34,Bank of Abyssinia,Google Play
Great App,5,2025-08-02 21:34:23,Bank of Abyssinia,Google Play
1) Crashes repeatedly 2) Takes Century to Boot 3) Repeatedly requires Update which is very annoying. 4) It doesn't ask for Password for one step confirmation when transferring money. 5) Automatically stops music when the app is launched (it doesn't really matter just fyi) Overall this have to be the worst mobile banking app I have tried so far and should not be released with all these bugs & issues.,1,2025-08-02 16:36:41,Bank of Abyssinia,Google Play
ረጀብነሱ,1,2025-07-31 16:03:22,Bank of Abyssinia,Google Play
The Worst Mobile Banking App.,1,2025-07-31 08:17:18,Bank of Abyssinia,Google Play
giod,5,2025-07-30 23:13:34,Bank of Abyssinia,Google Play
best bank in ethiopia,5,2025-07-29 19:00:02,Bank of Abyssinia,Google Play
waqayyoo,5,2025-07-28 09:47:08,Bank of Abyssinia,Google Play
please is not working,2,2025-07-27 20:25:36,Bank of Abyssinia,Google Play
nothing when I need to install the Apk it say that re-up date,5,2025-07-25 09:42:43,Bank of Abyssinia,Google Play
I can log in from any where,5,2025-07-23 03:05:42,Bank of Abyssinia,Google Play
😇,3,2025-07-21 00:01:28,Bank of Abyssinia,Google Play
no proplem,5,2025-07-20 17:52:05,Bank of Abyssinia,Google Play
👍👍👍,5,2025-07-20 00:05:52,Bank of Abyssinia,Google Play
excellent app,5,2025-07-18 16:05:21,Bank of Abyssinia,Google Play
good work,5,2025-07-15 21:39:23,Bank of Abyssinia,Google Play
☹️,5,2025-07-15 14:41:46,Bank of Abyssinia,Google Play
excellent,5,2025-07-14 18:05:54,Bank of Abyssinia,Google Play
Great BoA,5,2025-07-14 16:12:11,Bank of Abyssinia,Google Play
Good,5,2025-07-14 15:41:54,Bank of Abyssinia,Google Play
Okay,4,2025-07-13 20:18:06,Bank of Abyssinia,Google Play
not working,1,2025-07-12 12:26:49,Bank of Abyssinia,Google Play
This App is Getting worse and worse with every update,2,2025-07-11 13:03:44,Bank of Abyssinia,Google Play
ምርጥ ነው,1,2025-07-10 15:21:42,Bank of Abyssinia,Google Play
nice,5,2025-07-10 14:40:43,Bank of Abyssinia,Google Play
Best app,5,2025-07-08 07:11:03,Bank of Abyssinia,Google Play
meku,5,2025-07-07 12:47:46,Bank of Abyssinia,Google Play
nice,4,2025-07-04 17:10:57,Bank of Abyssinia,Google Play
awasome app go a head,5,2025-07-04 08:18:24,Bank of Abyssinia,Google Play
😎,5,2025-07-03 12:54:18,Bank of Abyssinia,Google Play
it sucks as hell. it crashes most of the time and takes a long time to load .,1,2025-07-03 03:31:08,Bank of Abyssinia,Google Play
Easy and very nice app to load more than the previouse but in recent time some loading problem detected.,5,2025-07-01 16:08:48,Bank of Abyssinia,Google Play
wow,5,2025-07-01 08:41:12,Bank of Abyssinia,Google Play
"The worst MBA I have experienced, The app crush frequently and they take to long to fix the problem even more than a week.",1,2025-06-27 09:30:30,Bank of Abyssinia,Google Play
amazing Banks App👌👌,3,2025-06-25 17:35:00,Bank of Abyssinia,Google Play
goof,5,2025-06-25 16:48:07,Bank of Abyssinia,Google Play
good App fore me,5,2025-06-25 15:12:00,Bank of Abyssinia,Google Play
"very uninterested it's not working when the ""developer mode on"" i haven't off the developer options i preferred to uninstall your app .....",1,2025-06-24 12:27:26,Bank of Abyssinia,Google Play
fantastic,5,2025-06-22 10:50:55,Bank of Abyssinia,Google Play
👍,4,2025-06-21 17:06:11,Bank of Abyssinia,Google Play
it's nice to use.,5,2025-06-21 09:34:30,Bank of Abyssinia,Google Play
app doesn't start,1,2025-06-21 08:48:21,Bank of Abyssinia,Google Play
Excellent application,5,2025-06-18 11:24:46,Bank of Abyssinia,Google Play
its very bad app its very slow,1,2025-06-17 11:08:55,Bank of Abyssinia,Google Play
ብዙዬ ሺዋየ በለጠ,1,2025-06-15 19:26:48,Bank of Abyssinia,Google Play
good,1,2025-06-15 12:16:19,Bank of Abyssinia,Google Play
Good job!,5,2025-06-13 11:04:06,Bank of Abyssinia,Google Play
best financial app.,5,2025-06-12 09:53:43,Bank of Abyssinia,Google Play
ቆንጆ ነው በርቱ,5,2025-06-11 21:19:48,Bank of Abyssinia,Google Play
the worst app humans ever created,1,2025-06-09 16:27:28,Bank of Abyssinia,Google Play
it's not working,3,2025-06-05 11:57:36,Bank of Abyssinia,Google Play
"Hello, I’m facing a problem with the BOA Mobile app. Every time I enter my phone number and password, the app crashes and shows an error that says “BoaMobile closed because this app has a bug.” I tried updating, reinstalling, and clearing cache, but nothing worked. Please fix this bug in the next update. I really need access to my account. Thank you.",1,2025-06-03 16:21:34,Bank of Abyssinia,Google Play
exceptional,5,2025-06-03 10:32:35,Bank of Abyssinia,Google Play
BoA Mobile good bank,5,2025-06-02 14:25:12,Bank of Abyssinia,Google Play
this is worest app 24/7 loading,1,2025-06-01 15:51:10,Bank of Abyssinia,Google Play
BoA system is confartable,5,2025-06-01 00:47:32,Bank of Abyssinia,Google Play
"this app, for me , is a waste of time. It doesn't work . I can't even long in, and it really piss me off. FIX THE PROBLEM",1,2025-05-27 21:16:27,Bank of Abyssinia,Google Play
Good service.,3,2025-05-25 19:14:52,Bank of Abyssinia,Google Play
the app crush frequently,1,2025-05-24 12:24:56,Bank of Abyssinia,Google Play
good,5,2025-05-22 15:34:58,Bank of Abyssinia,Google Play
You guys keeps getting worst,1,2025-05-22 08:57:39,Bank of Abyssinia,Google Play
good,5,2025-05-21 19:16:49,Bank of Abyssinia,Google Play
"This app is a joke. It crashes more than it works, takes forever to load, and half the features are just decorative at this point. Can’t log in, can’t transfer money, can’t even check my balance without it bugging out. To the developer: Are you actually trying to make this work, or is this some kind of social experiment to test our patience? Did you build this in your sleep? Because it definitely looks like it. If this is your idea of a functional app, maybe consider a different career path🙏",1,2025-05-21 13:49:15,Bank of Abyssinia,Google Play
BoA,2,2025-05-20 15:21:55,Bank of Abyssinia,Google Play
good,5,2025-05-20 10:57:13,Bank of Abyssinia,Google Play
but not opening on android,4,2025-05-19 17:19:32,Bank of Abyssinia,Google Play
Worst App ever. Totally unreliable. And it didn't work at all for the last 4 months.,1,2025-05-18 15:36:47,Bank of Abyssinia,Google Play
amazing,5,2025-05-18 14:34:19,Bank of Abyssinia,Google Play
excellent,5,2025-05-15 15:42:43,Bank of Abyssinia,Google Play
"this app does no work on Samsung a51, it just gives a preview of the logo",1,2025-05-11 19:07:08,Bank of Abyssinia,Google Play
nice,5,2025-05-10 18:48:38,Bank of Abyssinia,Google Play
"i entered incorrect security question by mistake boa app lock pin forever, why is there no other options? ?? i contacted different branchs more then 4times but they didn't able to solve this issue .",5,2025-05-10 12:44:44,Bank of Abyssinia,Google Play
Best app,5,2025-05-09 16:12:56,Bank of Abyssinia,Google Play
liking this application good 👍,5,2025-05-07 18:34:10,Bank of Abyssinia,Google Play
"This app future is good, but there is problems with apps to reset and activate it, which is difficult even to the branch staffs, and it takes too long times to active at the branch plus most of the time high expected failure of activation after process at the counter and OTP sent not work",1,2025-05-06 18:06:33,Bank of Abyssinia,Google Play
good,5,2025-05-06 17:44:32,Bank of Abyssinia,Google Play
good,5,2025-05-02 21:50:25,Bank of Abyssinia,Google Play
good,4,2025-04-30 11:23:56,Bank of Abyssinia,Google Play
good,4,2025-04-30 10:34:17,Bank of Abyssinia,Google Play
wow,5,2025-04-28 17:51:26,Bank of Abyssinia,Google Play
it's really good 👍,5,2025-04-23 19:44:14,Bank of Abyssinia,Google Play
Bad app . it stuck when you open and noting WORKS.,1,2025-04-23 14:16:20,Bank of Abyssinia,Google Play
"the app isn't working after it asked me the password it starts loading, but it doesn't open",3,2025-04-20 21:05:21,Bank of Abyssinia,Google Play
Best,2,2025-04-19 18:38:02,Bank of Abyssinia,Google Play
It keeps showing this pop up to turn off developer options even tho it's off! I had to turn on and then off to make it work! This is a horrible experience and needs a fix asap! Plus kinda slow.,1,2025-04-19 07:15:54,Bank of Abyssinia,Google Play
yideg,1,2025-04-18 00:18:40,Bank of Abyssinia,Google Play
great boa,5,2025-04-10 14:33:26,Bank of Abyssinia,Google Play
Best,5,2025-04-10 11:53:01,Bank of Abyssinia,Google Play
boa of mobile backing,5,2025-04-09 14:32:34,Bank of Abyssinia,Google Play
nice,5,2025-04-09 04:01:08,Bank of Abyssinia,Google Play
faster bank of Abissinya,5,2025-04-08 16:36:23,Bank of Abyssinia,Google Play
i would have given it a lower if it was possible because it crush so much and it take the bank so long to fix the bug,1,2025-04-08 10:12:19,Bank of Abyssinia,Google Play
it just doesn't work...so frustrating,1,2025-04-07 18:04:17,Bank of Abyssinia,Google Play
like,5,2025-04-06 22:17:21,Bank of Abyssinia,Google Play
it's not work correctly... you must have update it,1,2025-04-06 11:01:42,Bank of Abyssinia,Google Play
"the app gets a considerable improvements like language , QR scanner and unlimited transfers survice. but BOA Please do alot on its fastness and convenient when we login and making a transactions.",5,2025-04-04 22:57:29,Bank of Abyssinia,Google Play
after i typed in my password it says successfully logged out ...and goes back to the first page,2,2025-04-04 12:38:08,Bank of Abyssinia,Google Play
good but they don't update enough don't add new things,3,2025-04-04 12:24:06,Bank of Abyssinia,Google Play
very good,5,2025-04-03 08:50:56,Bank of Abyssinia,Google Play
thank you,5,2025-04-02 03:33:00,Bank of Abyssinia,Google Play
it doesn't work period z slowest mobile banking ever i would rather use *815#,1,2025-04-01 00:27:34,Bank of Abyssinia,Google Play
"after activated the application it not allowed to sign , automatically it is turn off In my phone, why ?",1,2025-03-31 23:55:06,Bank of Abyssinia,Google Play
good application,5,2025-03-30 21:56:40,Bank of Abyssinia,Google Play
this version is not working for me I cannot even buy card. I cannot send money,1,2025-03-30 15:27:26,Bank of Abyssinia,Google Play
"It can't actively on initialization, it says incorrect OTP getting the exact OTP",1,2025-03-29 14:29:38,Bank of Abyssinia,Google Play
always problematic hardly works,1,2025-03-26 13:28:25,Bank of Abyssinia,Google Play
best app,5,2025-03-25 13:15:12,Bank of Abyssinia,Google Play
very good,5,2025-03-25 12:56:42,Bank of Abyssinia,Google Play
"worst app and Bank ever u be ashamed, scammer",1,2025-03-24 17:00:42,Bank of Abyssinia,Google Play
great BoA,5,2025-03-22 12:46:56,Bank of Abyssinia,Google Play
best,5,2025-03-21 12:32:05,Bank of Abyssinia,Google Play
i have went to the bank so many times because i couldn't make any transaction i can only see my balance nothing else so what is the point of having mobile banking if i can't make any transaction with it please work in that,1,2025-03-21 10:49:11,Bank of Abyssinia,Google Play
good,5,2025-03-21 06:06:10,Bank of Abyssinia,Google Play
good,5,2025-03-19 21:15:38,Bank of Abyssinia,Google Play
there is no speed,1,2025-03-19 19:12:01,Bank of Abyssinia,Google Play
"For anyone who wants to download it, just don't!!!",1,2025-03-19 16:02:57,Bank of Abyssinia,Google Play
wonderful,5,2025-03-19 13:58:10,Bank of Abyssinia,Google Play
all worck,5,2025-03-19 12:55:57,Bank of Abyssinia,Google Play
Loved it,5,2025-03-14 17:57:04,Bank of Abyssinia,Google Play
Wow,1,2025-03-14 03:37:53,Bank of Abyssinia,Google Play
"Edit: New bug, app not letting me type in my otp codes. Shameful Why does this app not allow me to use it while having developer options on? Did y'all consider that I might, perhaps, be an actual developer? Why am I expected to toggle the option on and off just to bank (restarting my phone when I do)? Why is the message labled as somthing that will ""smoothen"" the experience? This is like the most ""security consultant"" thing to implement in an app. Please invest in actual security, not this mess.",1,2025-03-12 22:41:25,Bank of Abyssinia,Google Play
Improved to be the best,5,2025-03-11 12:32:31,Bank of Abyssinia,Google Play
BoA,5,2025-03-11 10:51:57,Bank of Abyssinia,Google Play
"Decent, but there problems sometimes it says error When i transfer money but infact it transferred because of this bug i transferred 2 times instead of 1 and also we can't transfer money to others telebirr acc we only can to our self BOE Dev fix this !!!",3,2025-03-11 09:22:01,Bank of Abyssinia,Google Play
BoA Greqt Ethiopian bank.,5,2025-03-11 08:31:05,Bank of Abyssinia,Google Play
"The bug is still there,the app crashes every time i try to log in, especially in old phones like my Galaxy A32",1,2025-03-10 20:11:15,Bank of Abyssinia,Google Play
Almost better compared to cbe where it is not qualified for,4,2025-03-09 11:50:02,Bank of Abyssinia,Google Play
what awesome apps. it is very simple to use and more much important apps.,5,2025-03-09 11:34:30,Bank of Abyssinia,Google Play
Wonderfull app,5,2025-03-08 10:23:26,Bank of Abyssinia,Google Play
i can't use this app why?,5,2025-03-07 14:28:00,Bank of Abyssinia,Google Play
Worst mobile banking app I ever experienced I was blaming other apps but comparing with this they're too much better!!!! It clashes it takes much longer time to login while loading in short it's a complete of trash,1,2025-03-06 22:44:28,Bank of Abyssinia,Google Play
Wow,4,2025-03-05 21:58:05,Bank of Abyssinia,Google Play
bro the worst app made by human kind!! as a software engineer it make me so sad seeing enterprise as big as BOA make apps like this. it is a disgrace for our country!!,1,2025-03-05 15:03:56,Bank of Abyssinia,Google Play
AGA B Girja Miss language of admin Afaan oromo & other Itoophiyaa languages,1,2025-03-04 20:03:40,Bank of Abyssinia,Google Play
Good app,5,2025-03-03 16:47:22,Bank of Abyssinia,Google Play
"I downloaded the app for the first time while reading other customers reviews and as soon as i installed and opened the app it closes back automatically, what unserious bank, now i uninstalled the app immediately",1,2025-03-03 09:24:29,Bank of Abyssinia,Google Play
It has good features but sometimes it doesn't work...0,1,2025-03-02 17:02:17,Bank of Abyssinia,Google Play
Very poor proformance,1,2025-03-01 23:02:44,Bank of Abyssinia,Google Play
It's not opening. Really frustrating,1,2025-03-01 17:18:34,Bank of Abyssinia,Google Play
Verry Amazing App from all IB,5,2025-03-01 11:35:08,Bank of Abyssinia,Google Play
Not working on this days,1,2025-02-26 13:29:28,Bank of Abyssinia,Google Play
Thank you BoA,5,2025-02-23 11:06:47,Bank of Abyssinia,Google Play
best banking app in the wworld,5,2025-02-22 19:58:17,Bank of Abyssinia,Google Play
Nice app and it's easy to use,5,2025-02-21 12:41:42,Bank of Abyssinia,Google Play
"please add language in the apps setting(amharic afan oromo, tigniya,and others) sometimes bank to bank transfer is not available through time and even if if it is available not reachable…it is serious issue!",1,2025-02-15 18:15:50,Bank of Abyssinia,Google Play
